画面区分	サイドナビ	画面タイトル	期間	画面指標名	親テーブル名1	親テーブル物理名1	親テーブル論理名1	データソーステーブル名1	データソーステーブル詳細名1	データソースカラム物理名1	データソースカラム論理名1	KOTグループ1	KOT物理名1	KOT論理名1	KOT連携種別1	ジョブカングループ1	ジョブカン物理名1	ジョブカン論理名1	ジョブカン連携種別1	親テーブル名2	親テーブル物理名2	親テーブル論理名2	データソーステーブル名2	データソーステーブル詳細名2	データソースカラム物理名2	データソースカラム論理名2	KOTグループ2	KOT物理名2	KOT論理名2	KOT連携種別2	ジョブカングループ2	ジョブカン物理名2	ジョブカン論理名2	ジョブカン連携種別2	親テーブル名3	親テーブル物理名3	親テーブル論理名3	データソーステーブル名3	データソーステーブル詳細名3	データソースカラム物理名3	データソースカラム論理名3	KOTグループ3	KOT物理名3	KOT論理名3	KOT連携種別3	ジョブカングループ3	ジョブカン物理名3	ジョブカン論理名3	ジョブカン連携種別3	演算ロジック	演算式詳細	参照テーブル1	参照テーブル2	参照テーブル3	ハシゴ元画面	ハシゴ先画面	共有データソース	ハシゴ演算説明	入力元画面	出力先画面	計算に使用する他指標
店舗	ダッシュボード指標	主要KPI指標	月次日次	坪月商	ラクミー集計単位日別テーブル	sales_excluded	収入計III	ZTOTAL	USENレジPOS日別売上集計テーブル	sales_excluded	収入計III	-	-	-	-	-	-	-	-	-	-	-	-	-	-	-	-	-	-	-	-	-	-	-	-	-	-	-	-	-	-	-	-	-	-	-	-	-	-	売上÷坪数	ZTOTAL.sales_excluded ÷ shops.floor_area(坪数)	ZTOTAL	-	-	-	-	ラクミー集計単位日別テーブル.sales_excluded	ラクミー集計単位日別テーブル.sales_excludedを当月実績,時間帯別売上分析,曜日別売上分析と共有	-	-	売上税抜(ZTOTAL)
店舗	ダッシュボード指標	主要KPI指標	月次日次	営業利益率	ラクミー集計単位日別テーブル	sales_excluded	収入計III	ZTOTAL	USENレジPOS日別売上集計テーブル	sales_excluded	収入計III	-	-	-	-	-	-	-	-	monthly_costs	value	費用金額	monthly_costs	ラクミー月次費用テーブル	value	費用金額	-	-	-	-	-	-	-	-	-	-	-	-	-	-	-	-	-	-	-	-	-	-	-	営業利益÷売上×100	(ZTOTAL.sales_excluded - trade_total.total_tax_excluded - labor_costs_logs.labor_costs - monthly_costs.value) ÷ ZTOTAL.sales_excluded × 100	ZTOTAL	monthly_costs	-	-	-	ラクミー集計単位日別テーブル.sales_excluded	ラクミー集計単位日別テーブル.sales_excludedを当月実績,時間帯別売上分析,曜日別売上分析と共有	-	-	売上税抜, FD仕入額, 人件費, 経費
店舗	ダッシュボード指標	主要KPI指標	月次日次	家賃比率	ラクミー集計単位日別テーブル	sales_excluded	収入計III	ZTOTAL	USENレジPOS日別売上集計テーブル	sales_excluded	収入計III	-	-	-	-	-	-	-	-	monthly_costs	value	費用金額	monthly_costs	ラクミー月次費用テーブル	value	費用金額	-	-	-	-	-	-	-	-	-	-	-	-	-	-	-	-	-	-	-	-	-	-	-	家賃÷売上×100	monthly_costs.value(費目=家賃) ÷ ZTOTAL.sales_excluded × 100	ZTOTAL	monthly_costs	-	-	-	ラクミー集計単位日別テーブル.sales_excluded	ラクミー集計単位日別テーブル.sales_excludedを当月実績,時間帯別売上分析,曜日別売上分析と共有	-	-	家賃(monthly_costs), 売上税抜(ZTOTAL)
店舗	ダッシュボード指標	主要KPI指標	月次日次	ROI	ラクミー集計単位日別テーブル	sales_excluded	収入計III	ZTOTAL	USENレジPOS日別売上集計テーブル	sales_excluded	収入計III	-	-	-	-	-	-	-	-	monthly_budgets	value	予算金額	monthly_budgets	ラクミー月次予算テーブル	value	予算金額	-	-	-	-	-	-	-	-	-	-	-	-	-	-	-	-	-	-	-	-	-	-	-	営業利益÷投資×100	(ZTOTAL.sales_excluded - trade_total.total_tax_excluded - labor_costs_logs.labor_costs - monthly_costs.value) ÷ monthly_budgets.value × 100	ZTOTAL	monthly_budgets	-	-	-	ラクミー集計単位日別テーブル.sales_excluded	ラクミー集計単位日別テーブル.sales_excludedを当月実績,時間帯別売上分析,曜日別売上分析と共有	-	-	営業利益, 予算(monthly_budgets)
店舗	ダッシュボード指標	当月実績	月次日次	営業利益	ラクミー集計単位日別テーブル	sales_excluded	収入計III	ZTOTAL	USENレジPOS日別売上集計テーブル	sales_excluded	収入計III	-	-	-	-	-	-	-	-	ラクミーinfomartテーブル	total_tax_excluded	総合計	trade_total	インフォマート仕入総合計テーブル	total_tax_excluded	総合計	-	-	-	-	-	-	-	-	head_office_connected_service_labor_costs_logs	labor_costs	人件費	head_office_connected_service_labor_costs_logs	KOT/ジョブカン人件費連携ログテーブル	labor_costs	人件費	日別費用データ	laborCostEstimate	人件費概算	API	勤怠日次サマリー	salary	概算給与	API	売上-仕入-人件費-経費	(ZTOTAL.sales_excluded) - (trade_total.total_tax_excluded) - (head_office_connected_service_labor_costs_logs.labor_costs) - 経費	ZTOTAL	インフォマート	labor_costs_logs	-	年間予実対比	ラクミー集計単位日別テーブル.sales_excluded	営業利益を年間予実対比と共有	-	年間予実対比	売上税抜, FD仕入額, 人件費, その他経費
店舗	ダッシュボード指標	当月実績	月次日次	売上税抜	ラクミー集計単位日別テーブル	sales_excluded	収入計III	ZTOTAL	USENレジPOS日別売上集計テーブル	sales_excluded	収入計III	-	-	-	-	-	-	-	-	-	-	-	-	-	-	-	-	-	-	-	-	-	-	-	-	-	-	-	-	-	-	-	-	-	-	-	-	-	-	SUM	SUM(ZTOTAL.sales_excluded)	ZTOTAL	-	-	-	ABC分析,感度分析,日次レポート	ラクミー集計単位日別テーブル.sales_excluded	売上税抜をABC分析,感度分析,日次レポートと共有	-	ABC分析,感度分析,日次レポート	-
店舗	ダッシュボード指標	当月実績	月次日次	FD仕入率	ラクミーinfomartテーブル	total_tax_excluded	総合計	trade_total	インフォマート仕入総合計テーブル	total_tax_excluded	総合計	-	-	-	-	-	-	-	-	ラクミー集計単位日別テーブル	sales_excluded	収入計III	ZTOTAL	USENレジPOS日別売上集計テーブル	sales_excluded	収入計III	-	-	-	-	-	-	-	-	-	-	-	-	-	-	-	-	-	-	-	-	-	-	-	仕入÷売上×100	(trade_total.total_tax_excluded) ÷ (ZTOTAL.sales_excluded) × 100	インフォマート	ZTOTAL	-	-	FD分析	ラクミーinfomartテーブル.total_tax_excluded	FD仕入率をFD分析と共有	-	FD分析	FD仕入額(trade_total), 売上税抜(ZTOTAL)
店舗	ダッシュボード指標	当月実績	月次日次	人件費率	head_office_connected_service_labor_costs_logs	labor_costs	人件費	head_office_connected_service_labor_costs_logs	KOT/ジョブカン人件費連携ログテーブル	labor_costs	人件費	日別費用データ	laborCostEstimate	人件費概算	API	勤怠日次サマリー	salary	概算給与	API	ラクミー集計単位日別テーブル	sales_excluded	収入計III	ZTOTAL	USENレジPOS日別売上集計テーブル	sales_excluded	収入計III	-	-	-	-	-	-	-	-	-	-	-	-	-	-	-	-	-	-	-	-	-	-	-	人件費÷売上×100	(head_office_connected_service_labor_costs_logs.labor_costs) ÷ (ZTOTAL.sales_excluded) × 100	labor_costs_logs	ZTOTAL	-	-	-	head_office_connected_service_labor_costs_logs.labor_costs	head_office_connected_service_labor_costs_logs.labor_costsを予実対比,年間予実対比,店舗別人件費と共有	-	-	-
店舗	ダッシュボード指標	当月実績	月次日次	FL率	ラクミーinfomartテーブル	total_tax_excluded	総合計	trade_total	インフォマート仕入総合計テーブル	total_tax_excluded	総合計	-	-	-	-	-	-	-	-	head_office_connected_service_labor_costs_logs	labor_costs	人件費	head_office_connected_service_labor_costs_logs	KOT/ジョブカン人件費連携ログテーブル	labor_costs	人件費	日別費用データ	laborCostEstimate	人件費概算	API	勤怠日次サマリー	salary	概算給与	API	ラクミー集計単位日別テーブル	sales_excluded	収入計III	ZTOTAL	USENレジPOS日別売上集計テーブル	sales_excluded	収入計III	-	-	-	-	-	-	-	-	(F+L)÷売上×100	(trade_total.total_tax_excluded + labor_costs_logs.labor_costs) ÷ ZTOTAL.sales_excluded × 100	インフォマート	labor_costs_logs	ZTOTAL	-	-	ラクミーinfomartテーブル.total_tax_excluded	ラクミーinfomartテーブル.total_tax_excludedを仕入先分析,感度分析,FD分析と共有	-	-	FD仕入額, 人件費, 売上税抜
店舗	売上分析	ABC分析	月次日次	商品	ラクミー集計単位日別の商品テーブル	item_name	商品名称	TITEM	USENレジPOS商品別売上テーブル	item_name	商品名称	-	-	-	-	-	-	-	-	-	-	-	-	-	-	-	-	-	-	-	-	-	-	-	-	-	-	-	-	-	-	-	-	-	-	-	-	-	-	商品マスタ	TITEM.item_name	TITEM	-	-	-	商品別仕入分析	ラクミー集計単位日別の商品テーブル.item_name	商品を商品別仕入分析と共有	-	-	-
店舗	売上分析	ABC分析	月次日次	売上税抜	ラクミー集計単位日別の商品テーブル	sales_excluded	合計金額	TITEM	USENレジPOS商品別売上テーブル	sales_excluded	合計金額	-	-	-	-	-	-	-	-	-	-	-	-	-	-	-	-	-	-	-	-	-	-	-	-	-	-	-	-	-	-	-	-	-	-	-	-	-	-	SUM商品別	SUM(TITEM.sales_excluded)	TITEM	-	-	-	当月実績,感度分析,日次レポート	ラクミー集計単位日別の商品テーブル.sales_excluded	売上税抜を当月実績,感度分析,日次レポートと共有	-	-	-
店舗	売上分析	ABC分析	月次日次	売上構成比率	ラクミー集計単位日別の商品テーブル	sales_excluded	合計金額	TITEM	USENレジPOS商品別売上テーブル	sales_excluded	合計金額	-	-	-	-	-	-	-	-	-	-	-	-	-	-	-	-	-	-	-	-	-	-	-	-	-	-	-	-	-	-	-	-	-	-	-	-	-	-	商品÷総売上×100	TITEM.sales_excluded	TITEM	-	-	-	-	ラクミー集計単位日別の商品テーブル.sales_excluded	ラクミー集計単位日別の商品テーブル.sales_excludedを商品別売上分析,FD売上構成比,予実対比と共有	-	-	-
店舗	売上分析	ABC分析	月次日次	販売点数	ラクミー集計単位日別の商品テーブル	quantity	残数量	TITEM	USENレジPOS商品別売上テーブル	quantity	残数量	-	-	-	-	-	-	-	-	-	-	-	-	-	-	-	-	-	-	-	-	-	-	-	-	-	-	-	-	-	-	-	-	-	-	-	-	-	-	SUM商品別	SUM(TITEM.quantity)	TITEM	-	-	-	-	ラクミー集計単位日別の商品テーブル.quantity	ラクミー集計単位日別の商品テーブル.quantityを商品別売上分析と共有	-	-	-
店舗	売上分析	ABC分析	月次日次	販売点数構成比率	ラクミー集計単位日別の商品テーブル	quantity	残数量	TITEM	USENレジPOS商品別売上テーブル	quantity	残数量	-	-	-	-	-	-	-	-	-	-	-	-	-	-	-	-	-	-	-	-	-	-	-	-	-	-	-	-	-	-	-	-	-	-	-	-	-	-	商品数÷総数×100	TITEM.quantity	TITEM	-	-	-	-	ラクミー集計単位日別の商品テーブル.quantity	ラクミー集計単位日別の商品テーブル.quantityを商品別売上分析と共有	-	-	-
店舗	売上分析	ABC分析	月次日次	価格	ラクミー集計単位日別の商品テーブル	sales_excluded	合計金額	TITEM	USENレジPOS商品別売上テーブル	sales_excluded	合計金額	-	-	-	-	-	-	-	-	ラクミー集計単位日別の商品テーブル	quantity	残数量	TITEM	USENレジPOS商品別売上テーブル	quantity	残数量	-	-	-	-	-	-	-	-	-	-	-	-	-	-	-	-	-	-	-	-	-	-	-	売上÷数量	(TITEM.sales_excluded) ÷ (TITEM.quantity)	TITEM	TITEM	-	-	-	ラクミー集計単位日別の商品テーブル.sales_excluded	ラクミー集計単位日別の商品テーブル.sales_excludedを商品別売上分析,FD売上構成比,予実対比と共有	-	-	-
店舗	売上分析	商品別売上分析	月次日次	商品単価税抜	ラクミー集計単位日別の商品テーブル	sales_excluded	合計金額	TITEM	USENレジPOS商品別売上テーブル	sales_excluded	合計金額	-	-	-	-	-	-	-	-	ラクミー集計単位日別の商品テーブル	quantity	残数量	TITEM	USENレジPOS商品別売上テーブル	quantity	残数量	-	-	-	-	-	-	-	-	-	-	-	-	-	-	-	-	-	-	-	-	-	-	-	売上÷数量	(TITEM.sales_excluded) ÷ (TITEM.quantity)	TITEM	TITEM	-	-	-	ラクミー集計単位日別の商品テーブル.sales_excluded	ラクミー集計単位日別の商品テーブル.sales_excludedをABC分析,FD売上構成比,予実対比と共有	-	-	-
店舗	売上分析	商品別売上分析	月次日次	商品単価税込	ラクミー集計単位日別の商品テーブル	sales	合計金額	TITEM	USENレジPOS商品別売上テーブル	sales	合計金額	-	-	-	-	-	-	-	-	ラクミー集計単位日別の商品テーブル	quantity	残数量	TITEM	USENレジPOS商品別売上テーブル	quantity	残数量	-	-	-	-	-	-	-	-	-	-	-	-	-	-	-	-	-	-	-	-	-	-	-	売上÷数量	(TITEM.sales) ÷ (TITEM.quantity)	TITEM	TITEM	-	-	-	ラクミー集計単位日別の商品テーブル.sales	-	-	-	-
店舗	売上分析	商品別売上分析	月次日次	販売数量	ラクミー集計単位日別の商品テーブル	quantity	残数量	TITEM	USENレジPOS商品別売上テーブル	quantity	残数量	-	-	-	-	-	-	-	-	-	-	-	-	-	-	-	-	-	-	-	-	-	-	-	-	-	-	-	-	-	-	-	-	-	-	-	-	-	-	SUM商品別	SUM(TITEM.quantity)	TITEM	-	-	-	-	ラクミー集計単位日別の商品テーブル.quantity	ラクミー集計単位日別の商品テーブル.quantityをABC分析と共有	-	-	-
店舗	売上分析	商品別売上分析	月次日次	売上合計税抜	ラクミー集計単位日別の商品テーブル	sales_excluded	合計金額	TITEM	USENレジPOS商品別売上テーブル	sales_excluded	合計金額	-	-	-	-	-	-	-	-	-	-	-	-	-	-	-	-	-	-	-	-	-	-	-	-	-	-	-	-	-	-	-	-	-	-	-	-	-	-	SUM商品別	SUM(TITEM.sales_excluded)	TITEM	-	-	-	月次レポート	ラクミー集計単位日別の商品テーブル.sales_excluded	売上合計税抜を月次レポートと共有	-	-	-
店舗	売上分析	商品別売上分析	月次日次	売上合計税込	ラクミー集計単位日別の商品テーブル	sales	合計金額	TITEM	USENレジPOS商品別売上テーブル	sales	合計金額	-	-	-	-	-	-	-	-	-	-	-	-	-	-	-	-	-	-	-	-	-	-	-	-	-	-	-	-	-	-	-	-	-	-	-	-	-	-	SUM商品別	SUM(TITEM.sales)	TITEM	-	-	-	-	ラクミー集計単位日別の商品テーブル.sales	-	-	-	-
店舗	売上分析	時間帯別売上分析	月次	ランチ売上税抜	ラクミー集計単位日別の商品テーブル	sales_excluded	合計金額	TITEM	USENレジPOS商品別売上テーブル	sales_excluded	合計金額	-	-	-	-	-	-	-	-	-	-	-	-	-	-	-	-	-	-	-	-	-	-	-	-	-	-	-	-	-	-	-	-	-	-	-	-	-	-	SUM(オーダー時刻11-15時フィルタ)	SUM(TITEM.sales_excluded)	TITEM	-	-	-	-	ラクミー集計単位日別の商品テーブル.sales_excluded	ラクミー集計単位日別の商品テーブル.sales_excludedを予実対比と共有	-	-	-
店舗	売上分析	時間帯別売上分析	月次	ディナー売上税抜	ラクミー集計単位日別の商品テーブル	sales_excluded	合計金額	TITEM	USENレジPOS商品別売上テーブル	sales_excluded	合計金額	-	-	-	-	-	-	-	-	-	-	-	-	-	-	-	-	-	-	-	-	-	-	-	-	-	-	-	-	-	-	-	-	-	-	-	-	-	-	SUM(オーダー時刻17-23時フィルタ)	SUM(TITEM.sales_excluded)	TITEM	-	-	-	-	ラクミー集計単位日別の商品テーブル.sales_excluded	ラクミー集計単位日別の商品テーブル.sales_excludedを予実対比と共有	-	-	-
店舗	売上分析	時間帯別売上分析	月次	客数	ラクミー集計単位日別テーブル	customers	レストラン売上客数	ZTOTAL	USENレジPOS日別売上集計テーブル	customers	レストラン売上客数	-	-	-	-	-	-	-	-	-	-	-	-	-	-	-	-	-	-	-	-	-	-	-	-	-	-	-	-	-	-	-	-	-	-	-	-	-	-	SUM時間帯別	SUM(ZTOTAL.customers)	ZTOTAL	-	-	-	感度分析	ラクミー集計単位日別テーブル.customers	客数を感度分析と共有	-	-	-
店舗	売上分析	時間帯別売上分析	月次	客単価税抜	ラクミー集計単位日別テーブル	sales_excluded	収入計III	ZTOTAL	USENレジPOS日別売上集計テーブル	sales_excluded	収入計III	-	-	-	-	-	-	-	-	ラクミー集計単位日別テーブル	customers	レストラン売上客数	ZTOTAL	USENレジPOS日別売上集計テーブル	customers	レストラン売上客数	-	-	-	-	-	-	-	-	-	-	-	-	-	-	-	-	-	-	-	-	-	-	-	売上÷客数	(ZTOTAL.sales_excluded) ÷ (ZTOTAL.customers)	ZTOTAL	ZTOTAL	-	-	感度分析,月次集計	ラクミー集計単位日別テーブル.sales_excluded	客単価税抜を感度分析,月次集計と共有	-	-	-
店舗	売上分析	曜日別売上分析	月次日次	曜日	ラクミー集計単位日別テーブル	date	営業日付	ZTOTAL	USENレジPOS日別売上集計テーブル	date	営業日付	-	-	-	-	-	-	-	-	-	-	-	-	-	-	-	-	-	-	-	-	-	-	-	-	-	-	-	-	-	-	-	-	-	-	-	-	-	-	曜日抽出	ZTOTAL.date	ZTOTAL	-	-	-	-	ラクミー集計単位日別テーブル.date	-	-	-	-
店舗	売上分析	曜日別売上分析	月次日次	平均売上税抜	ラクミー集計単位日別テーブル	sales_excluded	収入計III	ZTOTAL	USENレジPOS日別売上集計テーブル	sales_excluded	収入計III	-	-	-	-	-	-	-	-	-	-	-	-	-	-	-	-	-	-	-	-	-	-	-	-	-	-	-	-	-	-	-	-	-	-	-	-	-	-	AVG曜日別	AVG(ZTOTAL.sales_excluded)	ZTOTAL	-	-	-	-	ラクミー集計単位日別テーブル.sales_excluded	ラクミー集計単位日別テーブル.sales_excludedを主要KPI指標,当月実績,時間帯別売上分析と共有	-	-	-
店舗	売上分析	曜日別売上分析	月次日次	平均客数	ラクミー集計単位日別テーブル	customers	レストラン売上客数	ZTOTAL	USENレジPOS日別売上集計テーブル	customers	レストラン売上客数	-	-	-	-	-	-	-	-	-	-	-	-	-	-	-	-	-	-	-	-	-	-	-	-	-	-	-	-	-	-	-	-	-	-	-	-	-	-	AVG曜日別	AVG(ZTOTAL.customers)	ZTOTAL	-	-	-	-	ラクミー集計単位日別テーブル.customers	ラクミー集計単位日別テーブル.customersを時間帯別売上分析,感度分析,流入分析と共有	-	-	-
店舗	売上分析	支払種別売上分析	月次日次	支払方法	ラクミー集計単位日別の支払い種別テーブル	head_office_payment_method_id	メディア種別	TTEND	USENレジPOS支払種別テーブル	head_office_payment_method_id	メディア種別	-	-	-	-	-	-	-	-	-	-	-	-	-	-	-	-	-	-	-	-	-	-	-	-	-	-	-	-	-	-	-	-	-	-	-	-	-	-	マスタ参照	TTEND.head_office_payment_method_id	TTEND	-	-	-	-	ラクミー集計単位日別の支払い種別テーブル.head_office_payment_method_id	-	-	-	-
店舗	売上分析	支払種別売上分析	月次日次	売上税込	ラクミー集計単位日別の支払い種別テーブル	sales	支払金額	TTEND	USENレジPOS支払種別テーブル	sales	支払金額	-	-	-	-	-	-	-	-	-	-	-	-	-	-	-	-	-	-	-	-	-	-	-	-	-	-	-	-	-	-	-	-	-	-	-	-	-	-	SUM支払別	SUM(TTEND.sales)	TTEND	-	-	-	日次レポート	ラクミー集計単位日別の支払い種別テーブル.sales	売上税込を日次レポートと共有	-	-	-
店舗	売上分析	支払種別売上分析	月次日次	売上比率	ラクミー集計単位日別の支払い種別テーブル	sales	支払金額	TTEND	USENレジPOS支払種別テーブル	sales	支払金額	-	-	-	-	-	-	-	-	-	-	-	-	-	-	-	-	-	-	-	-	-	-	-	-	-	-	-	-	-	-	-	-	-	-	-	-	-	-	支払÷総売上×100	TTEND.sales	TTEND	-	-	-	-	ラクミー集計単位日別の支払い種別テーブル.sales	-	-	-	-
店舗	仕入分析	仕入先分析	月次日次	仕入れ先	ラクミーinfomartテーブル	client_name	取引先名	member_name_partner	インフォマート取引先テーブル	client_name	取引先名	-	-	-	-	-	-	-	-	-	-	-	-	-	-	-	-	-	-	-	-	-	-	-	-	-	-	-	-	-	-	-	-	-	-	-	-	-	-	マスタ参照	member_name_partner.client_name	インフォマート	-	-	-	-	ラクミーinfomartテーブル.client_name	ラクミーinfomartテーブル.client_nameを商品別仕入分析と共有	-	-	-
店舗	仕入分析	仕入先分析	月次日次	金額税抜	ラクミーinfomartテーブル	total_tax_excluded	伝票税抜金額	tax_excluded_total	インフォマート税抜金額テーブル	total_tax_excluded	伝票税抜金額	-	-	-	-	-	-	-	-	-	-	-	-	-	-	-	-	-	-	-	-	-	-	-	-	-	-	-	-	-	-	-	-	-	-	-	-	-	-	SUM仕入先別	SUM(tax_excluded_total.total_tax_excluded)	インフォマート	-	-	-	商品別仕入分析,費目別仕入分析,商品仕入単価	ラクミーinfomartテーブル.total_tax_excluded	金額税抜を商品別仕入分析,費目別仕入分析,商品仕入単価と共有	-	-	-
店舗	仕入分析	仕入先分析	月次日次	比率	ラクミーinfomartテーブル	total_tax_excluded	伝票税抜金額	tax_excluded_total	インフォマート税抜金額テーブル	total_tax_excluded	伝票税抜金額	-	-	-	-	-	-	-	-	-	-	-	-	-	-	-	-	-	-	-	-	-	-	-	-	-	-	-	-	-	-	-	-	-	-	-	-	-	-	仕入先÷総仕入×100	tax_excluded_total.total_tax_excluded	インフォマート	-	-	-	商品別仕入分析,費目別仕入分析,月次費用入力	ラクミーinfomartテーブル.total_tax_excluded	比率を商品別仕入分析,費目別仕入分析,月次費用入力と共有	-	-	-
店舗	仕入分析	商品別仕入分析	月次日次	商品	ラクミーinfomartテーブル	item_name	商品名	detail_list	インフォマート商品明細テーブル	item_name	商品名	-	-	-	-	-	-	-	-	-	-	-	-	-	-	-	-	-	-	-	-	-	-	-	-	-	-	-	-	-	-	-	-	-	-	-	-	-	-	マスタ参照	detail_list.item_name	インフォマート	-	-	-	ABC分析	ラクミーinfomartテーブル.item_name	商品をABC分析と共有	-	-	-
店舗	仕入分析	商品別仕入分析	月次日次	仕入先	ラクミーinfomartテーブル	client_name	取引先名	member_name_partner	インフォマート取引先テーブル	client_name	取引先名	-	-	-	-	-	-	-	-	-	-	-	-	-	-	-	-	-	-	-	-	-	-	-	-	-	-	-	-	-	-	-	-	-	-	-	-	-	-	マスタ参照	member_name_partner.client_name	インフォマート	-	-	-	-	ラクミーinfomartテーブル.client_name	ラクミーinfomartテーブル.client_nameを仕入先分析と共有	-	-	-
店舗	仕入分析	商品別仕入分析	月次日次	金額税抜	ラクミーinfomartテーブル	price	金額	detail_list	インフォマート商品明細テーブル	price	金額	-	-	-	-	-	-	-	-	-	-	-	-	-	-	-	-	-	-	-	-	-	-	-	-	-	-	-	-	-	-	-	-	-	-	-	-	-	-	SUM商品別	SUM(detail_list.price)	インフォマート	-	-	-	仕入先分析,費目別仕入分析,商品仕入単価	ラクミーinfomartテーブル.price	金額税抜を仕入先分析,費目別仕入分析,商品仕入単価と共有	-	-	-
店舗	仕入分析	商品別仕入分析	月次日次	比率	ラクミーinfomartテーブル	price	金額	detail_list	インフォマート商品明細テーブル	price	金額	-	-	-	-	-	-	-	-	-	-	-	-	-	-	-	-	-	-	-	-	-	-	-	-	-	-	-	-	-	-	-	-	-	-	-	-	-	-	商品÷総仕入×100	detail_list.price	インフォマート	-	-	-	仕入先分析,費目別仕入分析,月次費用入力	ラクミーinfomartテーブル.price	比率を仕入先分析,費目別仕入分析,月次費用入力と共有	-	-	-
店舗	仕入分析	費目別仕入分析	月次	費目	monthly_cost_items	name	費目名	monthly_cost_items	ラクミー費目マスタ	name	費目名	-	-	-	-	-	-	-	-	-	-	-	-	-	-	-	-	-	-	-	-	-	-	-	-	-	-	-	-	-	-	-	-	-	-	-	-	-	-	費目マスタ	monthly_cost_items.name	monthly_cost_items	-	-	-	月次費用入力	monthly_cost_items.name	費目を月次費用入力と共有	-	-	-
店舗	仕入分析	費目別仕入分析	月次	金額税抜	monthly_costs	value	費用金額	monthly_costs	ラクミー月次費用テーブル	value	費用金額	-	-	-	-	-	-	-	-	-	-	-	-	-	-	-	-	-	-	-	-	-	-	-	-	-	-	-	-	-	-	-	-	-	-	-	-	-	-	SUM費目別	SUM(monthly_costs.value)	monthly_costs	-	-	-	仕入先分析,商品別仕入分析,商品仕入単価	monthly_costs.value	金額税抜を仕入先分析,商品別仕入分析,商品仕入単価と共有	-	-	-
店舗	仕入分析	費目別仕入分析	月次	比率	monthly_costs	ratio	比率	monthly_costs	ラクミー月次費用テーブル	ratio	比率	-	-	-	-	-	-	-	-	-	-	-	-	-	-	-	-	-	-	-	-	-	-	-	-	-	-	-	-	-	-	-	-	-	-	-	-	-	-	費目÷総仕入×100	monthly_costs.ratio	monthly_costs	-	-	-	仕入先分析,商品別仕入分析,月次費用入力	monthly_costs.ratio	比率を仕入先分析,商品別仕入分析,月次費用入力と共有	-	-	-
店舗	仕入分析	商品仕入単価	月次日次	アイテム	ラクミーinfomartテーブル	item_name	商品名	detail_list	インフォマート商品明細テーブル	item_name	商品名	-	-	-	-	-	-	-	-	-	-	-	-	-	-	-	-	-	-	-	-	-	-	-	-	-	-	-	-	-	-	-	-	-	-	-	-	-	-	マスタ参照	detail_list.item_name	インフォマート	-	-	-	-	ラクミーinfomartテーブル.item_name	ラクミーinfomartテーブル.item_nameを商品別仕入分析,平均単価推移と共有	-	-	-
店舗	仕入分析	商品仕入単価	月次日次	金額税抜	ラクミーinfomartテーブル	price	金額	detail_list	インフォマート商品明細テーブル	price	金額	-	-	-	-	-	-	-	-	-	-	-	-	-	-	-	-	-	-	-	-	-	-	-	-	-	-	-	-	-	-	-	-	-	-	-	-	-	-	SUM商品別	SUM(detail_list.price)	インフォマート	-	-	-	仕入先分析,商品別仕入分析,費目別仕入分析	ラクミーinfomartテーブル.price	金額税抜を仕入先分析,商品別仕入分析,費目別仕入分析と共有	-	-	-
店舗	仕入分析	商品仕入単価	月次日次	数量	ラクミーinfomartテーブル	num	数量	detail_list	インフォマート商品明細テーブル	num	数量	-	-	-	-	-	-	-	-	-	-	-	-	-	-	-	-	-	-	-	-	-	-	-	-	-	-	-	-	-	-	-	-	-	-	-	-	-	-	SUM商品別	SUM(detail_list.num)	インフォマート	-	-	-	平均単価推移	ラクミーinfomartテーブル.num	数量を平均単価推移と共有	-	-	-
店舗	仕入分析	商品仕入単価	月次日次	単価	ラクミーinfomartテーブル	unit_price	単価	detail_list	インフォマート商品明細テーブル	unit_price	単価	-	-	-	-	-	-	-	-	-	-	-	-	-	-	-	-	-	-	-	-	-	-	-	-	-	-	-	-	-	-	-	-	-	-	-	-	-	-	金額÷数量	detail_list.unit_price	インフォマート	-	-	-	-	ラクミーinfomartテーブル.unit_price	ラクミーinfomartテーブル.unit_priceを平均単価推移と共有	-	-	-
店舗	仕入分析	平均単価推移	月次	仕入商品ラベル	ラクミーinfomartテーブル	item_name	商品名	detail_list	インフォマート商品明細テーブル	item_name	商品名	-	-	-	-	-	-	-	-	-	-	-	-	-	-	-	-	-	-	-	-	-	-	-	-	-	-	-	-	-	-	-	-	-	-	-	-	-	-	ラベルマスタ	detail_list.item_name	インフォマート	-	-	-	-	ラクミーinfomartテーブル.item_name	ラクミーinfomartテーブル.item_nameを商品別仕入分析,商品仕入単価と共有	-	-	-
店舗	仕入分析	平均単価推移	月次	仕入金額税抜	ラクミーinfomartテーブル	price	金額	detail_list	インフォマート商品明細テーブル	price	金額	-	-	-	-	-	-	-	-	-	-	-	-	-	-	-	-	-	-	-	-	-	-	-	-	-	-	-	-	-	-	-	-	-	-	-	-	-	-	SUM月別	SUM(detail_list.price)	インフォマート	-	-	-	店舗間商品移動	ラクミーinfomartテーブル.price	仕入金額税抜を店舗間商品移動と共有	-	-	-
店舗	仕入分析	平均単価推移	月次	数量	ラクミーinfomartテーブル	num	数量	detail_list	インフォマート商品明細テーブル	num	数量	-	-	-	-	-	-	-	-	-	-	-	-	-	-	-	-	-	-	-	-	-	-	-	-	-	-	-	-	-	-	-	-	-	-	-	-	-	-	SUM月別	SUM(detail_list.num)	インフォマート	-	-	-	商品仕入単価	ラクミーinfomartテーブル.num	数量を商品仕入単価と共有	-	-	-
店舗	仕入分析	平均単価推移	月次	平均単価	ラクミーinfomartテーブル	unit_price	単価	detail_list	インフォマート商品明細テーブル	unit_price	単価	-	-	-	-	-	-	-	-	-	-	-	-	-	-	-	-	-	-	-	-	-	-	-	-	-	-	-	-	-	-	-	-	-	-	-	-	-	-	金額÷数量	detail_list.unit_price	インフォマート	-	-	-	-	ラクミーinfomartテーブル.unit_price	ラクミーinfomartテーブル.unit_priceを商品仕入単価と共有	-	-	-
店舗	詳細分析	利益進捗分析	月次	利益進捗率	ラクミー集計単位日別テーブル	sales_excluded	収入計III	ZTOTAL	USENレジPOS日別売上集計テーブル	sales_excluded	収入計III	-	-	-	-	-	-	-	-	monthly_budgets	value	予算金額	monthly_budgets	ラクミー月次予算テーブル	value	予算金額	-	-	-	-	-	-	-	-	-	-	-	-	-	-	-	-	-	-	-	-	-	-	-	営業利益累計÷目標利益×100	(ZTOTAL.sales_excluded - trade_total.total_tax_excluded - labor_costs_logs.labor_costs - monthly_costs.value) ÷ monthly_budgets.profit_target × 100	ZTOTAL	monthly_budgets	-	-	-	ラクミー集計単位日別テーブル.sales_excluded	ラクミー集計単位日別テーブル.sales_excludedを主要KPI指標,当月実績,時間帯別売上分析と共有	-	-	営業利益, 目標利益(monthly_budgets)
店舗	詳細分析	売上進捗分析	月次	売上進捗率	ラクミー集計単位日別テーブル	sales_excluded	収入計III	ZTOTAL	USENレジPOS日別売上集計テーブル	sales_excluded	収入計III	-	-	-	-	-	-	-	-	monthly_budgets	value	予算金額	monthly_budgets	ラクミー月次予算テーブル	value	予算金額	-	-	-	-	-	-	-	-	-	-	-	-	-	-	-	-	-	-	-	-	-	-	-	売上累計÷目標×100	(ZTOTAL.sales_excluded) ÷ (monthly_budgets.value) × 100	ZTOTAL	monthly_budgets	-	-	-	ラクミー集計単位日別テーブル.sales_excluded	ラクミー集計単位日別テーブル.sales_excludedを主要KPI指標,当月実績,時間帯別売上分析と共有	-	-	-
店舗	詳細分析	感度分析	月次	客単価税抜	ラクミー集計単位日別テーブル	sales_excluded	収入計III	ZTOTAL	USENレジPOS日別売上集計テーブル	sales_excluded	収入計III	-	-	-	-	-	-	-	-	ラクミー集計単位日別テーブル	customers	レストラン売上客数	ZTOTAL	USENレジPOS日別売上集計テーブル	customers	レストラン売上客数	-	-	-	-	-	-	-	-	-	-	-	-	-	-	-	-	-	-	-	-	-	-	-	売上÷客数	(ZTOTAL.sales_excluded) ÷ (ZTOTAL.customers)	ZTOTAL	ZTOTAL	-	-	時間帯別売上分析,月次集計	ラクミー集計単位日別テーブル.sales_excluded	客単価税抜を時間帯別売上分析,月次集計と共有	-	時間帯別売上分析,月次集計	売上税抜(ZTOTAL), 客数(ZTOTAL)
店舗	詳細分析	感度分析	月次	変動費単価	ラクミーinfomartテーブル	total_tax_excluded	伝票税抜金額	tax_excluded_total	インフォマート税抜金額テーブル	total_tax_excluded	伝票税抜金額	-	-	-	-	-	-	-	-	ラクミー集計単位日別テーブル	customers	レストラン売上客数	ZTOTAL	USENレジPOS日別売上集計テーブル	customers	レストラン売上客数	-	-	-	-	-	-	-	-	-	-	-	-	-	-	-	-	-	-	-	-	-	-	-	変動費÷客数	(tax_excluded_total.total_tax_excluded) ÷ (ZTOTAL.customers)	インフォマート	ZTOTAL	-	-	月次集計	ラクミーinfomartテーブル.total_tax_excluded	変動費単価を月次集計と共有	-	月次集計	変動費(tax_excluded_total), 客数(ZTOTAL)
店舗	詳細分析	感度分析	月次	変動費率	ラクミーinfomartテーブル	total_tax_excluded	伝票税抜金額	tax_excluded_total	インフォマート税抜金額テーブル	total_tax_excluded	伝票税抜金額	-	-	-	-	-	-	-	-	ラクミー集計単位日別テーブル	sales_excluded	収入計III	ZTOTAL	USENレジPOS日別売上集計テーブル	sales_excluded	収入計III	-	-	-	-	-	-	-	-	-	-	-	-	-	-	-	-	-	-	-	-	-	-	-	変動費÷売上×100	(tax_excluded_total.total_tax_excluded) ÷ (ZTOTAL.sales_excluded) × 100	インフォマート	ZTOTAL	-	-	月次集計	ラクミーinfomartテーブル.total_tax_excluded	変動費率を月次集計と共有	-	月次集計	変動費(tax_excluded_total), 売上税抜(ZTOTAL)
店舗	詳細分析	感度分析	月次	粗利単価	ラクミー集計単位日別テーブル	sales_excluded	収入計III	ZTOTAL	USENレジPOS日別売上集計テーブル	sales_excluded	収入計III	-	-	-	-	-	-	-	-	ラクミーinfomartテーブル	total_tax_excluded	伝票税抜金額	tax_excluded_total	インフォマート税抜金額テーブル	total_tax_excluded	伝票税抜金額	-	-	-	-	-	-	-	-	ラクミー集計単位日別テーブル	customers	レストラン売上客数	ZTOTAL	USENレジPOS日別売上集計テーブル	customers	レストラン売上客数	-	-	-	-	-	-	-	-	(売上-原価)÷客数	(ZTOTAL.sales_excluded - tax_excluded_total.total_tax_excluded) ÷ ZTOTAL.customers	ZTOTAL	インフォマート	ZTOTAL	-	月次集計	ラクミー集計単位日別テーブル.sales_excluded	粗利単価を月次集計と共有	-	月次集計	売上税抜, 原価(tax_excluded_total), 客数
店舗	詳細分析	感度分析	月次	粗利率	ラクミー集計単位日別テーブル	sales_excluded	収入計III	ZTOTAL	USENレジPOS日別売上集計テーブル	sales_excluded	収入計III	-	-	-	-	-	-	-	-	ラクミーinfomartテーブル	total_tax_excluded	伝票税抜金額	tax_excluded_total	インフォマート税抜金額テーブル	total_tax_excluded	伝票税抜金額	-	-	-	-	-	-	-	-	-	-	-	-	-	-	-	-	-	-	-	-	-	-	-	(売上-原価)÷売上×100	(ZTOTAL.sales_excluded - tax_excluded_total.total_tax_excluded) ÷ ZTOTAL.sales_excluded × 100	ZTOTAL	インフォマート	-	-	月次集計	ラクミー集計単位日別テーブル.sales_excluded	粗利率を月次集計と共有	-	月次集計	売上税抜, 原価(tax_excluded_total)
店舗	詳細分析	感度分析	月次	客数	ラクミー集計単位日別テーブル	customers	レストラン売上客数	ZTOTAL	USENレジPOS日別売上集計テーブル	customers	レストラン売上客数	-	-	-	-	-	-	-	-	-	-	-	-	-	-	-	-	-	-	-	-	-	-	-	-	-	-	-	-	-	-	-	-	-	-	-	-	-	-	SUM	SUM(ZTOTAL.customers)	ZTOTAL	-	-	-	時間帯別売上分析	ラクミー集計単位日別テーブル.customers	客数を時間帯別売上分析と共有	-	-	-
店舗	詳細分析	感度分析	月次	売上税抜	ラクミー集計単位日別テーブル	sales_excluded	収入計III	ZTOTAL	USENレジPOS日別売上集計テーブル	sales_excluded	収入計III	-	-	-	-	-	-	-	-	-	-	-	-	-	-	-	-	-	-	-	-	-	-	-	-	-	-	-	-	-	-	-	-	-	-	-	-	-	-	SUM	SUM(ZTOTAL.sales_excluded)	ZTOTAL	-	-	-	当月実績,ABC分析,日次レポート	ラクミー集計単位日別テーブル.sales_excluded	売上税抜を当月実績,ABC分析,日次レポートと共有	-	-	-
店舗	詳細分析	FD分析	月次日次	FD仕入率	ラクミーinfomartテーブル	total_tax_excluded	伝票税抜金額	tax_excluded_total	インフォマート税抜金額テーブル	total_tax_excluded	伝票税抜金額	-	-	-	-	-	-	-	-	ラクミー集計単位日別テーブル	sales_excluded	収入計III	ZTOTAL	USENレジPOS日別売上集計テーブル	sales_excluded	収入計III	-	-	-	-	-	-	-	-	-	-	-	-	-	-	-	-	-	-	-	-	-	-	-	仕入÷売上×100	(tax_excluded_total.total_tax_excluded) ÷ (ZTOTAL.sales_excluded) × 100	インフォマート	ZTOTAL	-	-	当月実績	ラクミーinfomartテーブル.total_tax_excluded	FD仕入率を当月実績と共有	-	-	-
店舗	詳細分析	FD分析	月次日次	FD原価率	ラクミーinfomartテーブル	total_tax_excluded	伝票税抜金額	tax_excluded_total	インフォマート税抜金額テーブル	total_tax_excluded	伝票税抜金額	-	-	-	-	-	-	-	-	ラクミー集計単位日別テーブル	sales_excluded	収入計III	ZTOTAL	USENレジPOS日別売上集計テーブル	sales_excluded	収入計III	-	-	-	-	-	-	-	-	-	-	-	-	-	-	-	-	-	-	-	-	-	-	-	原価÷売上×100	(tax_excluded_total.total_tax_excluded) ÷ (ZTOTAL.sales_excluded) × 100	インフォマート	ZTOTAL	棚卸マスタ	-	-	ラクミーinfomartテーブル.total_tax_excluded	ラクミーinfomartテーブル.total_tax_excludedを当月実績,仕入先分析,感度分析と共有	-	-	-
店舗	詳細分析	FD分析	月次日次	FD前月在庫高	-	-	-	-	-	-	-	-	-	-	-	-	-	-	-	-	-	-	-	-	-	-	-	-	-	-	-	-	-	-	-	-	-	-	-	-	-	-	-	-	-	-	-	-	-	前月末在庫	前月末在庫	棚卸マスタ	-	-	-	-	-	-	-	-	-
店舗	詳細分析	FD分析	月次日次	FD当月仕入	ラクミーinfomartテーブル	total_tax_excluded	伝票税抜金額	tax_excluded_total	インフォマート税抜金額テーブル	total_tax_excluded	伝票税抜金額	-	-	-	-	-	-	-	-	-	-	-	-	-	-	-	-	-	-	-	-	-	-	-	-	-	-	-	-	-	-	-	-	-	-	-	-	-	-	SUM月間	SUM(tax_excluded_total.total_tax_excluded)	インフォマート	-	-	-	-	ラクミーinfomartテーブル.total_tax_excluded	ラクミーinfomartテーブル.total_tax_excludedを当月実績,仕入先分析,感度分析と共有	-	-	-
店舗	詳細分析	FD分析	月次日次	FD当月在庫高	-	-	-	-	-	-	-	-	-	-	-	-	-	-	-	-	-	-	-	-	-	-	-	-	-	-	-	-	-	-	-	-	-	-	-	-	-	-	-	-	-	-	-	-	-	当月末在庫	当月末在庫	棚卸マスタ	-	-	-	-	-	-	-	-	-
店舗	詳細分析	FD分析	月次日次	売上	ラクミー集計単位日別テーブル	sales_excluded	収入計III	ZTOTAL	USENレジPOS日別売上集計テーブル	sales_excluded	収入計III	-	-	-	-	-	-	-	-	-	-	-	-	-	-	-	-	-	-	-	-	-	-	-	-	-	-	-	-	-	-	-	-	-	-	-	-	-	-	SUM	SUM(ZTOTAL.sales_excluded)	ZTOTAL	-	-	-	-	ラクミー集計単位日別テーブル.sales_excluded	ラクミー集計単位日別テーブル.sales_excludedを主要KPI指標,当月実績,時間帯別売上分析と共有	-	-	-
店舗	詳細分析	FD売上構成比	月次日次	FD売上構成比	ラクミー集計単位日別の商品テーブル	sales_excluded	合計金額	TITEM	USENレジPOS商品別売上テーブル	sales_excluded	合計金額	-	-	-	-	-	-	-	-	-	-	-	-	-	-	-	-	-	-	-	-	-	-	-	-	-	-	-	-	-	-	-	-	-	-	-	-	-	-	FD÷総売上×100	TITEM.sales_excluded	TITEM	-	-	-	-	ラクミー集計単位日別の商品テーブル.sales_excluded	ラクミー集計単位日別の商品テーブル.sales_excludedをABC分析,商品別売上分析,予実対比と共有	-	-	-
店舗	詳細分析	FD売上構成比	月次日次	フード売上合計	ラクミー集計単位日別の商品テーブル	sales_excluded	合計金額	TITEM	USENレジPOS商品別売上テーブル	sales_excluded	合計金額	-	-	-	-	-	-	-	-	-	-	-	-	-	-	-	-	-	-	-	-	-	-	-	-	-	-	-	-	-	-	-	-	-	-	-	-	-	-	SUMフード	SUM(TITEM.sales_excluded)	TITEM	-	-	-	-	ラクミー集計単位日別の商品テーブル.sales_excluded	ラクミー集計単位日別の商品テーブル.sales_excludedをABC分析,商品別売上分析,予実対比と共有	-	-	-
店舗	詳細分析	FD売上構成比	月次日次	ドリンク売上合計	ラクミー集計単位日別の商品テーブル	sales_excluded	合計金額	TITEM	USENレジPOS商品別売上テーブル	sales_excluded	合計金額	-	-	-	-	-	-	-	-	-	-	-	-	-	-	-	-	-	-	-	-	-	-	-	-	-	-	-	-	-	-	-	-	-	-	-	-	-	-	SUMドリンク	SUM(TITEM.sales_excluded)	TITEM	-	-	-	-	ラクミー集計単位日別の商品テーブル.sales_excluded	ラクミー集計単位日別の商品テーブル.sales_excludedをABC分析,商品別売上分析,予実対比と共有	-	-	-
店舗	詳細分析	流入分析	月次日次	テーブル回転数	ラクミー集計単位日別テーブル	customers	レストラン売上客数	ZTOTAL	USENレジPOS日別売上集計テーブル	customers	レストラン売上客数	-	-	-	-	-	-	-	-	-	-	-	-	-	-	-	-	-	-	-	-	-	-	-	-	-	-	-	-	-	-	-	-	-	-	-	-	-	-	組数÷総卓数	ZTOTAL.customers(組数) ÷ shops.total_tables(総卓数)	ZTOTAL	店舗マスタ	-	-	-	ラクミー集計単位日別テーブル.customers	ラクミー集計単位日別テーブル.customersを時間帯別売上分析,曜日別売上分析,感度分析と共有	-	-	-
店舗	詳細分析	流入分析	月次日次	テーブル稼働率	-	-	-	-	-	-	-	-	-	-	-	-	-	-	-	-	-	-	-	-	-	-	-	-	-	-	-	-	-	-	-	-	-	-	-	-	-	-	-	-	-	-	-	-	-	予約卓÷総卓×100	予約卓÷総卓×100	予約連携	店舗マスタ	-	-	-	-	-	-	-	-
店舗	詳細分析	流入分析	月次日次	予約売上	ラクミー集計単位日別テーブル	sales_excluded	収入計III	ZTOTAL	USENレジPOS日別売上集計テーブル	sales_excluded	収入計III	-	-	-	-	-	-	-	-	-	-	-	-	-	-	-	-	-	-	-	-	-	-	-	-	-	-	-	-	-	-	-	-	-	-	-	-	-	-	予約客売上	ZTOTAL.sales_excluded	ZTOTAL	予約連携	-	-	-	ラクミー集計単位日別テーブル.sales_excluded	ラクミー集計単位日別テーブル.sales_excludedを主要KPI指標,当月実績,時間帯別売上分析と共有	-	-	-
店舗	詳細分析	流入分析	月次日次	予約客数	-	-	-	-	-	-	-	-	-	-	-	-	-	-	-	-	-	-	-	-	-	-	-	-	-	-	-	-	-	-	-	-	-	-	-	-	-	-	-	-	-	-	-	-	-	SUM予約	SUM予約	予約連携	-	-	-	-	-	-	-	-	-
店舗	詳細分析	流入分析	月次日次	予約客単価	ラクミー集計単位日別テーブル	sales_excluded	収入計III	ZTOTAL	USENレジPOS日別売上集計テーブル	sales_excluded	収入計III	-	-	-	-	-	-	-	-	-	-	-	-	-	-	-	-	-	-	-	-	-	-	-	-	-	-	-	-	-	-	-	-	-	-	-	-	-	-	予約売上÷予約客数	ZTOTAL.sales_excluded	ZTOTAL	予約連携	-	-	-	ラクミー集計単位日別テーブル.sales_excluded	ラクミー集計単位日別テーブル.sales_excludedを主要KPI指標,当月実績,時間帯別売上分析と共有	-	-	-
店舗	詳細分析	流入分析	月次日次	ウォークイン売上	ラクミー集計単位日別テーブル	sales_excluded	収入計III	ZTOTAL	USENレジPOS日別売上集計テーブル	sales_excluded	収入計III	-	-	-	-	-	-	-	-	-	-	-	-	-	-	-	-	-	-	-	-	-	-	-	-	-	-	-	-	-	-	-	-	-	-	-	-	-	-	総売上-予約売上	ZTOTAL.sales_excluded	ZTOTAL	予約連携	-	-	-	ラクミー集計単位日別テーブル.sales_excluded	ラクミー集計単位日別テーブル.sales_excludedを主要KPI指標,当月実績,時間帯別売上分析と共有	-	-	-
店舗	詳細分析	流入分析	月次日次	ウォークイン客数	ラクミー集計単位日別テーブル	customers	レストラン売上客数	ZTOTAL	USENレジPOS日別売上集計テーブル	customers	レストラン売上客数	-	-	-	-	-	-	-	-	-	-	-	-	-	-	-	-	-	-	-	-	-	-	-	-	-	-	-	-	-	-	-	-	-	-	-	-	-	-	総客数-予約客数	ZTOTAL.customers	ZTOTAL	予約連携	-	-	-	ラクミー集計単位日別テーブル.customers	ラクミー集計単位日別テーブル.customersを時間帯別売上分析,曜日別売上分析,感度分析と共有	-	-	-
店舗	詳細分析	流入分析	月次日次	ウォークイン客単価	ラクミー集計単位日別テーブル	sales_excluded	収入計III	ZTOTAL	USENレジPOS日別売上集計テーブル	sales_excluded	収入計III	-	-	-	-	-	-	-	-	ラクミー集計単位日別テーブル	customers	レストラン売上客数	ZTOTAL	USENレジPOS日別売上集計テーブル	customers	レストラン売上客数	-	-	-	-	-	-	-	-	-	-	-	-	-	-	-	-	-	-	-	-	-	-	-	WI売上÷WI客数	(ZTOTAL.sales_excluded) ÷ (ZTOTAL.customers)	ZTOTAL	ZTOTAL	予約連携	-	-	ラクミー集計単位日別テーブル.sales_excluded	ラクミー集計単位日別テーブル.sales_excludedを主要KPI指標,当月実績,時間帯別売上分析と共有	-	-	-
店舗	集計	予実対比	月次日次	総売上	ラクミー集計単位日別テーブル	sales_excluded	収入計III	ZTOTAL	USENレジPOS日別売上集計テーブル	sales_excluded	収入計III	-	-	-	-	-	-	-	-	monthly_budgets	value	予算金額	monthly_budgets	ラクミー月次予算テーブル	value	予算金額	-	-	-	-	-	-	-	-	-	-	-	-	-	-	-	-	-	-	-	-	-	-	-	SUM	SUM(ZTOTAL.sales_excluded)	ZTOTAL	monthly_budgets	-	-	-	ラクミー集計単位日別テーブル.sales_excluded	ラクミー集計単位日別テーブル.sales_excludedを主要KPI指標,当月実績,時間帯別売上分析と共有	-	-	-
店舗	集計	予実対比	月次日次	フード売上	ラクミー集計単位日別の商品テーブル	sales_excluded	合計金額	TITEM	USENレジPOS商品別売上テーブル	sales_excluded	合計金額	-	-	-	-	-	-	-	-	-	-	-	-	-	-	-	-	-	-	-	-	-	-	-	-	-	-	-	-	-	-	-	-	-	-	-	-	-	-	SUMフード	SUM(TITEM.sales_excluded)	TITEM	-	-	-	-	ラクミー集計単位日別の商品テーブル.sales_excluded	ラクミー集計単位日別の商品テーブル.sales_excludedをABC分析,商品別売上分析,FD売上構成比と共有	-	-	-
店舗	集計	予実対比	月次日次	フード売上ランチ	ラクミー集計単位日別の商品テーブル	sales_excluded	合計金額	TITEM	USENレジPOS商品別売上テーブル	sales_excluded	合計金額	-	-	-	-	-	-	-	-	-	-	-	-	-	-	-	-	-	-	-	-	-	-	-	-	-	-	-	-	-	-	-	-	-	-	-	-	-	-	SUM(フードかつオーダー時刻11-15時フィルタ)	SUM(TITEM.sales_excluded)	TITEM	-	-	-	-	ラクミー集計単位日別の商品テーブル.sales_excluded	ラクミー集計単位日別の商品テーブル.sales_excludedを時間帯別売上分析と共有	-	-	-
店舗	集計	予実対比	月次日次	フード売上ディナー	ラクミー集計単位日別の商品テーブル	sales_excluded	合計金額	TITEM	USENレジPOS商品別売上テーブル	sales_excluded	合計金額	-	-	-	-	-	-	-	-	-	-	-	-	-	-	-	-	-	-	-	-	-	-	-	-	-	-	-	-	-	-	-	-	-	-	-	-	-	-	SUM(フードかつオーダー時刻17-23時フィルタ)	SUM(TITEM.sales_excluded)	TITEM	-	-	-	-	ラクミー集計単位日別の商品テーブル.sales_excluded	ラクミー集計単位日別の商品テーブル.sales_excludedを時間帯別売上分析と共有	-	-	-
店舗	集計	予実対比	月次日次	ドリンク売上	ラクミー集計単位日別の商品テーブル	sales_excluded	合計金額	TITEM	USENレジPOS商品別売上テーブル	sales_excluded	合計金額	-	-	-	-	-	-	-	-	-	-	-	-	-	-	-	-	-	-	-	-	-	-	-	-	-	-	-	-	-	-	-	-	-	-	-	-	-	-	SUMドリンク	SUM(TITEM.sales_excluded)	TITEM	-	-	-	-	ラクミー集計単位日別の商品テーブル.sales_excluded	ラクミー集計単位日別の商品テーブル.sales_excludedをABC分析,商品別売上分析,FD売上構成比と共有	-	-	-
店舗	集計	予実対比	月次日次	ドリンク売上ランチ	ラクミー集計単位日別の商品テーブル	sales_excluded	合計金額	TITEM	USENレジPOS商品別売上テーブル	sales_excluded	合計金額	-	-	-	-	-	-	-	-	-	-	-	-	-	-	-	-	-	-	-	-	-	-	-	-	-	-	-	-	-	-	-	-	-	-	-	-	-	-	SUM(ドリンクかつオーダー時刻11-15時フィルタ)	SUM(TITEM.sales_excluded)	TITEM	-	-	-	-	ラクミー集計単位日別の商品テーブル.sales_excluded	ラクミー集計単位日別の商品テーブル.sales_excludedを時間帯別売上分析と共有	-	-	-
店舗	集計	予実対比	月次日次	ドリンク売上ディナー	ラクミー集計単位日別の商品テーブル	sales_excluded	合計金額	TITEM	USENレジPOS商品別売上テーブル	sales_excluded	合計金額	-	-	-	-	-	-	-	-	-	-	-	-	-	-	-	-	-	-	-	-	-	-	-	-	-	-	-	-	-	-	-	-	-	-	-	-	-	-	SUM(ドリンクかつオーダー時刻17-23時フィルタ)	SUM(TITEM.sales_excluded)	TITEM	-	-	-	-	ラクミー集計単位日別の商品テーブル.sales_excluded	ラクミー集計単位日別の商品テーブル.sales_excludedを時間帯別売上分析と共有	-	-	-
店舗	集計	予実対比	月次日次	その他売上	ラクミー集計単位日別の商品テーブル	sales_excluded	合計金額	TITEM	USENレジPOS商品別売上テーブル	sales_excluded	合計金額	-	-	-	-	-	-	-	-	-	-	-	-	-	-	-	-	-	-	-	-	-	-	-	-	-	-	-	-	-	-	-	-	-	-	-	-	-	-	SUMその他	SUM(TITEM.sales_excluded)	TITEM	-	-	-	-	ラクミー集計単位日別の商品テーブル.sales_excluded	ラクミー集計単位日別の商品テーブル.sales_excludedをABC分析,商品別売上分析,FD売上構成比と共有	-	-	-
店舗	集計	予実対比	月次日次	割引値引き	ラクミー集計単位日別テーブル	discount	値引き	ZTOTAL	USENレジPOS日別売上集計テーブル	discount	値引き	-	-	-	-	-	-	-	-	-	-	-	-	-	-	-	-	-	-	-	-	-	-	-	-	-	-	-	-	-	-	-	-	-	-	-	-	-	-	SUM	SUM(ZTOTAL.discount)	ZTOTAL	-	-	-	-	ラクミー集計単位日別テーブル.discount	-	-	-	-
店舗	集計	予実対比	月次日次	FD仕入	ラクミーinfomartテーブル	total_tax_excluded	伝票税抜金額	tax_excluded_total	インフォマート税抜金額テーブル	total_tax_excluded	伝票税抜金額	-	-	-	-	-	-	-	-	-	-	-	-	-	-	-	-	-	-	-	-	-	-	-	-	-	-	-	-	-	-	-	-	-	-	-	-	-	-	SUMFD	SUM(tax_excluded_total.total_tax_excluded)	インフォマート	-	-	-	-	ラクミーinfomartテーブル.total_tax_excluded	ラクミーinfomartテーブル.total_tax_excludedを当月実績,仕入先分析,感度分析と共有	-	-	-
店舗	集計	予実対比	月次日次	フード仕入	ラクミーinfomartテーブル	total_tax_excluded	伝票税抜金額	tax_excluded_total	インフォマート税抜金額テーブル	total_tax_excluded	伝票税抜金額	-	-	-	-	-	-	-	-	-	-	-	-	-	-	-	-	-	-	-	-	-	-	-	-	-	-	-	-	-	-	-	-	-	-	-	-	-	-	SUMフード	SUM(tax_excluded_total.total_tax_excluded)	インフォマート	-	-	-	-	ラクミーinfomartテーブル.total_tax_excluded	ラクミーinfomartテーブル.total_tax_excludedを当月実績,仕入先分析,感度分析と共有	-	-	-
店舗	集計	予実対比	月次日次	ドリンク仕入	ラクミーinfomartテーブル	total_tax_excluded	伝票税抜金額	tax_excluded_total	インフォマート税抜金額テーブル	total_tax_excluded	伝票税抜金額	-	-	-	-	-	-	-	-	-	-	-	-	-	-	-	-	-	-	-	-	-	-	-	-	-	-	-	-	-	-	-	-	-	-	-	-	-	-	SUMドリンク	SUM(tax_excluded_total.total_tax_excluded)	インフォマート	-	-	-	-	ラクミーinfomartテーブル.total_tax_excluded	ラクミーinfomartテーブル.total_tax_excludedを当月実績,仕入先分析,感度分析と共有	-	-	-
店舗	集計	予実対比	月次日次	人件費	head_office_connected_service_labor_costs_logs	labor_costs	人件費	head_office_connected_service_labor_costs_logs	KOT/ジョブカン人件費連携ログテーブル	labor_costs	人件費	日別費用データ	laborCostEstimate	人件費概算	API	勤怠日次サマリー	salary	概算給与	API	-	-	-	-	-	-	-	-	-	-	-	-	-	-	-	-	-	-	-	-	-	-	-	-	-	-	-	-	-	-	SUM	SUM(head_office_connected_service_labor_costs_logs.labor_costs)	labor_costs_logs	-	-	-	店舗別人件費	head_office_connected_service_labor_costs_logs.labor_costs	人件費を店舗別人件費と共有	-	店舗別人件費	-
店舗	集計	予実対比	月次日次	固定人件費	head_office_connected_service_labor_costs_logs	labor_costs	人件費	head_office_connected_service_labor_costs_logs	KOT/ジョブカン人件費連携ログテーブル	labor_costs	人件費	日別費用データ	laborCostEstimate	人件費概算	API	勤怠日次サマリー	salary	概算給与	API	-	-	-	-	-	-	-	-	-	-	-	-	-	-	-	-	-	-	-	-	-	-	-	-	-	-	-	-	-	-	SUM月給者	SUM(head_office_connected_service_labor_costs_logs.labor_costs)	labor_costs_logs	-	-	-	-	head_office_connected_service_labor_costs_logs.labor_costs	head_office_connected_service_labor_costs_logs.labor_costsを当月実績,年間予実対比,店舗別人件費と共有	-	店舗別人件費	-
店舗	集計	予実対比	月次日次	PA人件費	head_office_employee_working_records	daily_cost	人件費	head_office_employee_working_records	従業員勤務実績テーブル	daily_cost	人件費	日別費用データ	laborCostEstimate	人件費概算	API	勤怠日次サマリー	salary	概算給与	API	-	-	-	-	-	-	-	-	-	-	-	-	-	-	-	-	-	-	-	-	-	-	-	-	-	-	-	-	-	-	SUM時給者	SUM(head_office_employee_working_records.daily_cost)	working_records	-	-	-	日次レポート	head_office_employee_working_records.daily_cost	PA人件費を日次レポートと共有	-	日次レポート	-
店舗	集計	予実対比	月次日次	ヘルプ人件費	head_office_connected_service_labor_costs_logs	help_costs	ヘルプ人件費	head_office_connected_service_labor_costs_logs	KOT/ジョブカン人件費連携ログテーブル	help_costs	ヘルプ人件費	日別費用データ	laborCostEstimate	人件費概算	API	勤怠日次サマリー	salary	概算給与	API	head_office_connected_service_labor_costs_logs	help_costs_minus	ヘルプ人件費マイナス	head_office_connected_service_labor_costs_logs	KOT/ジョブカン人件費連携ログテーブル	help_costs_minus	ヘルプ人件費マイナス	日別費用データ	laborCostEstimate	人件費概算	API	-	-	-	-	-	-	-	-	-	-	-	-	-	-	-	-	-	-	-	help_costs-help_costs_minus	(head_office_connected_service_labor_costs_logs.help_costs) - (head_office_connected_service_labor_costs_logs.help_costs_minus)	labor_costs_logs	labor_costs_logs	-	-	店舗別人件費	head_office_connected_service_labor_costs_logs.help_costs	ヘルプ人件費を店舗別人件費と共有	-	店舗別人件費	ヘルプ受入(help_costs), ヘルプ送出(help_costs_minus)
店舗	集計	予実対比	月次日次	その他経費	monthly_costs	value	費用金額	monthly_costs	ラクミー月次費用テーブル	value	費用金額	-	-	-	-	-	-	-	-	monthly_cost_items	name	費目名	monthly_cost_items	ラクミー費目マスタ	name	費目名	-	-	-	-	-	-	-	-	-	-	-	-	-	-	-	-	-	-	-	-	-	-	-	SUM経費	SUM(monthly_costs.value)	monthly_costs	monthly_cost_items	-	-	-	monthly_costs.value	monthly_costs.valueを費目別仕入分析,月次費用入力と共有	-	-	-
店舗	集計	予実対比	月次日次	地代家賃	monthly_costs	value	費用金額	monthly_costs	ラクミー月次費用テーブル	value	費用金額	-	-	-	-	-	-	-	-	monthly_cost_items	name	費目名	monthly_cost_items	ラクミー費目マスタ	name	費目名	-	-	-	-	-	-	-	-	-	-	-	-	-	-	-	-	-	-	-	-	-	-	-	費目=家賃	monthly_costs.value, monthly_cost_items.name	monthly_costs	monthly_cost_items	-	-	-	monthly_costs.value	monthly_costs.valueを費目別仕入分析,月次費用入力と共有	-	-	-
店舗	集計	予実対比	月次日次	資材費	monthly_costs	value	費用金額	monthly_costs	ラクミー月次費用テーブル	value	費用金額	-	-	-	-	-	-	-	-	monthly_cost_items	name	費目名	monthly_cost_items	ラクミー費目マスタ	name	費目名	-	-	-	-	-	-	-	-	-	-	-	-	-	-	-	-	-	-	-	-	-	-	-	費目=資材費	monthly_costs.value, monthly_cost_items.name	monthly_costs	monthly_cost_items	-	-	-	monthly_costs.value	monthly_costs.valueを費目別仕入分析,月次費用入力と共有	-	-	-
店舗	集計	予実対比	月次日次	水道光熱費	monthly_costs	value	費用金額	monthly_costs	ラクミー月次費用テーブル	value	費用金額	-	-	-	-	-	-	-	-	monthly_cost_items	name	費目名	monthly_cost_items	ラクミー費目マスタ	name	費目名	-	-	-	-	-	-	-	-	-	-	-	-	-	-	-	-	-	-	-	-	-	-	-	費目=水道光熱費	monthly_costs.value, monthly_cost_items.name	monthly_costs	monthly_cost_items	-	-	-	monthly_costs.value	monthly_costs.valueを費目別仕入分析,月次費用入力と共有	-	-	-
店舗	集計	予実対比	月次日次	減価償却費	monthly_costs	value	費用金額	monthly_costs	ラクミー月次費用テーブル	value	費用金額	-	-	-	-	-	-	-	-	monthly_cost_items	name	費目名	monthly_cost_items	ラクミー費目マスタ	name	費目名	-	-	-	-	-	-	-	-	-	-	-	-	-	-	-	-	-	-	-	-	-	-	-	費目=減価償却費	monthly_costs.value, monthly_cost_items.name	monthly_costs	monthly_cost_items	-	-	-	monthly_costs.value	monthly_costs.valueを費目別仕入分析,月次費用入力と共有	-	-	-
店舗	集計	予実対比	月次日次	販促費	monthly_costs	value	費用金額	monthly_costs	ラクミー月次費用テーブル	value	費用金額	-	-	-	-	-	-	-	-	monthly_cost_items	name	費目名	monthly_cost_items	ラクミー費目マスタ	name	費目名	-	-	-	-	-	-	-	-	-	-	-	-	-	-	-	-	-	-	-	-	-	-	-	費目=販促費	monthly_costs.value, monthly_cost_items.name	monthly_costs	monthly_cost_items	-	-	-	monthly_costs.value	monthly_costs.valueを費目別仕入分析,月次費用入力と共有	-	-	-
店舗	集計	年間予実対比	月次	営業利益	ラクミー集計単位日別テーブル	sales_excluded	収入計III	ZTOTAL	USENレジPOS日別売上集計テーブル	sales_excluded	収入計III	-	-	-	-	-	-	-	-	ラクミーinfomartテーブル	total_tax_excluded	伝票税抜金額	tax_excluded_total	インフォマート税抜金額テーブル	total_tax_excluded	伝票税抜金額	-	-	-	-	-	-	-	-	head_office_connected_service_labor_costs_logs	labor_costs	人件費	head_office_connected_service_labor_costs_logs	KOT/ジョブカン人件費連携ログテーブル	labor_costs	人件費	日別費用データ	laborCostEstimate	人件費概算	API	勤怠日次サマリー	salary	概算給与	API	売上-仕入-人件費-経費	(ZTOTAL.sales_excluded) - (tax_excluded_total.total_tax_excluded) - (head_office_connected_service_labor_costs_logs.labor_costs) - 経費	ZTOTAL	インフォマート	labor_costs_logs	-	当月実績	ラクミー集計単位日別テーブル.sales_excluded	営業利益を当月実績と共有	当月実績	当月実績	売上税抜, FD仕入額, 人件費, その他経費
店舗	集計	年間予実対比	月次	FD仕入額	ラクミーinfomartテーブル	total_tax_excluded	伝票税抜金額	tax_excluded_total	インフォマート税抜金額テーブル	total_tax_excluded	伝票税抜金額	-	-	-	-	-	-	-	-	-	-	-	-	-	-	-	-	-	-	-	-	-	-	-	-	-	-	-	-	-	-	-	-	-	-	-	-	-	-	SUM年間	SUM(tax_excluded_total.total_tax_excluded)	インフォマート	-	-	-	-	ラクミーinfomartテーブル.total_tax_excluded	ラクミーinfomartテーブル.total_tax_excludedを当月実績,仕入先分析,感度分析と共有	-	-	-
店舗	集計	年間予実対比	月次	人件費額	head_office_connected_service_labor_costs_logs	labor_costs	人件費	head_office_connected_service_labor_costs_logs	KOT/ジョブカン人件費連携ログテーブル	labor_costs	人件費	日別費用データ	laborCostEstimate	人件費概算	API	勤怠日次サマリー	salary	概算給与	API	-	-	-	-	-	-	-	-	-	-	-	-	-	-	-	-	-	-	-	-	-	-	-	-	-	-	-	-	-	-	SUM年間	SUM(head_office_connected_service_labor_costs_logs.labor_costs)	labor_costs_logs	-	-	-	-	head_office_connected_service_labor_costs_logs.labor_costs	head_office_connected_service_labor_costs_logs.labor_costsを当月実績,予実対比,店舗別人件費と共有	-	-	-
店舗	集計	年間予実対比	月次	客単価	ラクミー集計単位日別テーブル	sales_excluded	収入計III	ZTOTAL	USENレジPOS日別売上集計テーブル	sales_excluded	収入計III	-	-	-	-	-	-	-	-	ラクミー集計単位日別テーブル	customers	レストラン売上客数	ZTOTAL	USENレジPOS日別売上集計テーブル	customers	レストラン売上客数	-	-	-	-	-	-	-	-	-	-	-	-	-	-	-	-	-	-	-	-	-	-	-	売上÷客数	(ZTOTAL.sales_excluded) ÷ (ZTOTAL.customers)	ZTOTAL	ZTOTAL	-	-	-	ラクミー集計単位日別テーブル.sales_excluded	ラクミー集計単位日別テーブル.sales_excludedを主要KPI指標,当月実績,時間帯別売上分析と共有	-	-	-
店舗	集計	月次集計	月次	客単価税抜	ラクミー集計単位日別テーブル	sales_excluded	収入計III	ZTOTAL	USENレジPOS日別売上集計テーブル	sales_excluded	収入計III	-	-	-	-	-	-	-	-	ラクミー集計単位日別テーブル	customers	レストラン売上客数	ZTOTAL	USENレジPOS日別売上集計テーブル	customers	レストラン売上客数	-	-	-	-	-	-	-	-	-	-	-	-	-	-	-	-	-	-	-	-	-	-	-	売上÷客数	(ZTOTAL.sales_excluded) ÷ (ZTOTAL.customers)	ZTOTAL	ZTOTAL	-	-	時間帯別売上分析,感度分析	ラクミー集計単位日別テーブル.sales_excluded	客単価税抜を時間帯別売上分析,感度分析と共有	-	-	-
店舗	集計	月次集計	月次	変動費単価	ラクミーinfomartテーブル	total_tax_excluded	伝票税抜金額	tax_excluded_total	インフォマート税抜金額テーブル	total_tax_excluded	伝票税抜金額	-	-	-	-	-	-	-	-	ラクミー集計単位日別テーブル	customers	レストラン売上客数	ZTOTAL	USENレジPOS日別売上集計テーブル	customers	レストラン売上客数	-	-	-	-	-	-	-	-	-	-	-	-	-	-	-	-	-	-	-	-	-	-	-	変動費÷客数	(tax_excluded_total.total_tax_excluded) ÷ (ZTOTAL.customers)	インフォマート	ZTOTAL	-	-	感度分析	ラクミーinfomartテーブル.total_tax_excluded	変動費単価を感度分析と共有	-	-	-
店舗	集計	月次集計	月次	変動費率	ラクミーinfomartテーブル	total_tax_excluded	伝票税抜金額	tax_excluded_total	インフォマート税抜金額テーブル	total_tax_excluded	伝票税抜金額	-	-	-	-	-	-	-	-	ラクミー集計単位日別テーブル	sales_excluded	収入計III	ZTOTAL	USENレジPOS日別売上集計テーブル	sales_excluded	収入計III	-	-	-	-	-	-	-	-	-	-	-	-	-	-	-	-	-	-	-	-	-	-	-	変動費÷売上×100	(tax_excluded_total.total_tax_excluded) ÷ (ZTOTAL.sales_excluded) × 100	インフォマート	ZTOTAL	-	-	感度分析	ラクミーinfomartテーブル.total_tax_excluded	変動費率を感度分析と共有	-	-	-
店舗	集計	月次集計	月次	仕入費率	ラクミーinfomartテーブル	total_tax_excluded	伝票税抜金額	tax_excluded_total	インフォマート税抜金額テーブル	total_tax_excluded	伝票税抜金額	-	-	-	-	-	-	-	-	ラクミー集計単位日別テーブル	sales_excluded	収入計III	ZTOTAL	USENレジPOS日別売上集計テーブル	sales_excluded	収入計III	-	-	-	-	-	-	-	-	-	-	-	-	-	-	-	-	-	-	-	-	-	-	-	仕入÷売上×100	(tax_excluded_total.total_tax_excluded) ÷ (ZTOTAL.sales_excluded) × 100	インフォマート	ZTOTAL	-	-	-	ラクミーinfomartテーブル.total_tax_excluded	ラクミーinfomartテーブル.total_tax_excludedを当月実績,仕入先分析,感度分析と共有	-	-	-
店舗	集計	月次集計	月次	PA人件費率	head_office_employee_working_records	daily_cost	人件費	head_office_employee_working_records	従業員勤務実績テーブル	daily_cost	人件費	日別費用データ	laborCostEstimate	人件費概算	API	勤怠日次サマリー	salary	概算給与	API	ラクミー集計単位日別テーブル	sales_excluded	収入計III	ZTOTAL	USENレジPOS日別売上集計テーブル	sales_excluded	収入計III	-	-	-	-	-	-	-	-	-	-	-	-	-	-	-	-	-	-	-	-	-	-	-	PA人件費÷売上×100	(head_office_employee_working_records.daily_cost) ÷ (ZTOTAL.sales_excluded) × 100	working_records	ZTOTAL	-	-	-	head_office_employee_working_records.daily_cost	head_office_employee_working_records.daily_costを予実対比,日次レポート,従業員別勤務実績と共有	-	-	-
店舗	集計	月次集計	月次	粗利単価	ラクミー集計単位日別テーブル	sales_excluded	収入計III	ZTOTAL	USENレジPOS日別売上集計テーブル	sales_excluded	収入計III	-	-	-	-	-	-	-	-	ラクミーinfomartテーブル	total_tax_excluded	伝票税抜金額	tax_excluded_total	インフォマート税抜金額テーブル	total_tax_excluded	伝票税抜金額	-	-	-	-	-	-	-	-	ラクミー集計単位日別テーブル	customers	レストラン売上客数	ZTOTAL	USENレジPOS日別売上集計テーブル	customers	レストラン売上客数	-	-	-	-	-	-	-	-	(売上-原価)÷客数	(ZTOTAL.sales_excluded - tax_excluded_total.total_tax_excluded) ÷ ZTOTAL.customers	ZTOTAL	インフォマート	ZTOTAL	-	感度分析	ラクミー集計単位日別テーブル.sales_excluded	粗利単価を感度分析と共有	-	-	-
店舗	集計	月次集計	月次	粗利率	ラクミー集計単位日別テーブル	sales_excluded	収入計III	ZTOTAL	USENレジPOS日別売上集計テーブル	sales_excluded	収入計III	-	-	-	-	-	-	-	-	ラクミーinfomartテーブル	total_tax_excluded	伝票税抜金額	tax_excluded_total	インフォマート税抜金額テーブル	total_tax_excluded	伝票税抜金額	-	-	-	-	-	-	-	-	-	-	-	-	-	-	-	-	-	-	-	-	-	-	-	(売上-原価)÷売上×100	(ZTOTAL.sales_excluded - tax_excluded_total.total_tax_excluded) ÷ ZTOTAL.sales_excluded × 100	ZTOTAL	インフォマート	-	-	感度分析	ラクミー集計単位日別テーブル.sales_excluded	粗利率を感度分析と共有	-	-	-
店舗	集計	月次レポート	月次	原価金額	ラクミーinfomartテーブル	total_tax_excluded	伝票税抜金額	tax_excluded_total	インフォマート税抜金額テーブル	total_tax_excluded	伝票税抜金額	-	-	-	-	-	-	-	-	-	-	-	-	-	-	-	-	-	-	-	-	-	-	-	-	-	-	-	-	-	-	-	-	-	-	-	-	-	-	前月在庫+仕入-当月在庫	tax_excluded_total.total_tax_excluded	インフォマート	棚卸マスタ	-	-	-	ラクミーinfomartテーブル.total_tax_excluded	ラクミーinfomartテーブル.total_tax_excludedを当月実績,仕入先分析,感度分析と共有	-	-	-
店舗	集計	月次レポート	月次	原価率	ラクミーinfomartテーブル	total_tax_excluded	伝票税抜金額	tax_excluded_total	インフォマート税抜金額テーブル	total_tax_excluded	伝票税抜金額	-	-	-	-	-	-	-	-	ラクミー集計単位日別テーブル	sales_excluded	収入計III	ZTOTAL	USENレジPOS日別売上集計テーブル	sales_excluded	収入計III	-	-	-	-	-	-	-	-	-	-	-	-	-	-	-	-	-	-	-	-	-	-	-	原価÷売上×100	(tax_excluded_total.total_tax_excluded) ÷ (ZTOTAL.sales_excluded) × 100	インフォマート	ZTOTAL	-	-	-	ラクミーinfomartテーブル.total_tax_excluded	ラクミーinfomartテーブル.total_tax_excludedを当月実績,仕入先分析,感度分析と共有	-	-	-
店舗	集計	月次レポート	月次	売上合計税抜	ラクミー集計単位日別テーブル	sales_excluded	収入計III	ZTOTAL	USENレジPOS日別売上集計テーブル	sales_excluded	収入計III	-	-	-	-	-	-	-	-	-	-	-	-	-	-	-	-	-	-	-	-	-	-	-	-	-	-	-	-	-	-	-	-	-	-	-	-	-	-	SUM月間	SUM(ZTOTAL.sales_excluded)	ZTOTAL	-	-	-	商品別売上分析	ラクミー集計単位日別テーブル.sales_excluded	売上合計税抜を商品別売上分析と共有	-	-	-
店舗	集計	日次レポート	月次日次	売上税込	ラクミー集計単位日別テーブル	sales	収入計IV	ZTOTAL	USENレジPOS日別売上集計テーブル	sales	収入計IV	-	-	-	-	-	-	-	-	-	-	-	-	-	-	-	-	-	-	-	-	-	-	-	-	-	-	-	-	-	-	-	-	-	-	-	-	-	-	日別集計	ZTOTAL.sales	ZTOTAL	-	-	-	支払種別売上分析	ラクミー集計単位日別テーブル.sales	売上税込を支払種別売上分析と共有	-	-	-
店舗	集計	日次レポート	月次日次	売上税抜	ラクミー集計単位日別テーブル	sales_excluded	収入計III	ZTOTAL	USENレジPOS日別売上集計テーブル	sales_excluded	収入計III	-	-	-	-	-	-	-	-	-	-	-	-	-	-	-	-	-	-	-	-	-	-	-	-	-	-	-	-	-	-	-	-	-	-	-	-	-	-	日別集計	ZTOTAL.sales_excluded	ZTOTAL	-	-	-	当月実績,ABC分析,感度分析	ラクミー集計単位日別テーブル.sales_excluded	売上税抜を当月実績,ABC分析,感度分析と共有	-	-	-
店舗	集計	日次レポート	月次日次	仕入税込	ラクミーinfomartテーブル	total	総合計	trade_total	インフォマート仕入総合計テーブル	total	総合計	-	-	-	-	-	-	-	-	-	-	-	-	-	-	-	-	-	-	-	-	-	-	-	-	-	-	-	-	-	-	-	-	-	-	-	-	-	-	日別集計	trade_total.total	インフォマート	-	-	-	-	ラクミーinfomartテーブル.total	-	-	-	-
店舗	集計	日次レポート	月次日次	仕入税抜	ラクミーinfomartテーブル	total_tax_excluded	伝票税抜金額	tax_excluded_total	インフォマート税抜金額テーブル	total_tax_excluded	伝票税抜金額	-	-	-	-	-	-	-	-	-	-	-	-	-	-	-	-	-	-	-	-	-	-	-	-	-	-	-	-	-	-	-	-	-	-	-	-	-	-	日別集計	tax_excluded_total.total_tax_excluded	インフォマート	-	-	-	-	ラクミーinfomartテーブル.total_tax_excluded	ラクミーinfomartテーブル.total_tax_excludedを当月実績,仕入先分析,感度分析と共有	-	-	-
店舗	集計	日次レポート	月次日次	PA人件費	head_office_employee_working_records	daily_cost	人件費	head_office_employee_working_records	従業員勤務実績テーブル	daily_cost	人件費	日別費用データ	laborCostEstimate	人件費概算	API	勤怠日次サマリー	salary	概算給与	API	-	-	-	-	-	-	-	-	-	-	-	-	-	-	-	-	-	-	-	-	-	-	-	-	-	-	-	-	-	-	日別集計	head_office_employee_working_records.daily_cost	working_records	-	-	-	予実対比	head_office_employee_working_records.daily_cost	PA人件費を予実対比と共有	-	-	-
店舗	従業員	従業員別勤務実績	月次日次	従業員名	head_office_employee_working_records	head_office_employee_id	従業員ID	head_office_employee_working_records	従業員勤務実績テーブル	head_office_employee_id	従業員ID	従業員データ	employeeKey	従業員識別キー	API	勤怠日次サマリー	employee_id	従業員ID	API	-	-	-	-	-	-	-	-	-	-	-	-	-	-	-	-	-	-	-	-	-	-	-	-	-	-	-	-	-	-	従業員マスタ参照	head_office_employee_working_records.head_office_employee_id	working_records	-	-	-	-	head_office_employee_working_records.head_office_employee_id	-	-	-	-
店舗	従業員	従業員別勤務実績	月次日次	勤務日	head_office_employee_working_records	date	勤務日	head_office_employee_working_records	従業員勤務実績テーブル	date	勤務日	日別勤怠データ	date	日時	API	勤怠日次サマリー	date	年月日	API	-	-	-	-	-	-	-	-	-	-	-	-	-	-	-	-	-	-	-	-	-	-	-	-	-	-	-	-	-	-	日付	head_office_employee_working_records.date	working_records	-	-	-	-	head_office_employee_working_records.date	-	-	-	-
店舗	従業員	従業員別勤務実績	月次日次	日別人件費	head_office_employee_working_records	daily_cost	人件費	head_office_employee_working_records	従業員勤務実績テーブル	daily_cost	人件費	日別費用データ	laborCostEstimate	人件費概算	API	勤怠日次サマリー	salary	概算給与	API	-	-	-	-	-	-	-	-	-	-	-	-	-	-	-	-	-	-	-	-	-	-	-	-	-	-	-	-	-	-	日別集計	head_office_employee_working_records.daily_cost	working_records	-	-	-	-	head_office_employee_working_records.daily_cost	head_office_employee_working_records.daily_costを予実対比,月次集計,日次レポートと共有	-	-	-
店舗	従業員	従業員別勤務実績	月次日次	ヘルプフラグ	head_office_employee_working_records	is_help	ヘルプかどうか	head_office_employee_working_records	従業員勤務実績テーブル	is_help	ヘルプかどうか	日別勤怠データ	isHelp	ヘルプ勤務状況	API	-	-	-	-	-	-	-	-	-	-	-	-	-	-	-	-	-	-	-	-	-	-	-	-	-	-	-	-	-	-	-	-	-	-	フラグ	head_office_employee_working_records.is_help	working_records	-	-	-	-	head_office_employee_working_records.is_help	-	-	-	-
店舗	従業員	従業員別勤務実績	月次日次	勤務先店舗	head_office_employee_working_records	shop_id	勤務先	head_office_employee_working_records	従業員勤務実績テーブル	shop_id	勤務先	従業員データ	divisionCode	所属コード	API	打刻ログ情報	group_id	打刻グループID	API	-	-	-	-	-	-	-	-	-	-	-	-	-	-	-	-	-	-	-	-	-	-	-	-	-	-	-	-	-	-	店舗マスタ参照	head_office_employee_working_records.shop_id	working_records	-	-	-	-	head_office_employee_working_records.shop_id	-	-	-	-
店舗	従業員	従業員別勤務実績	月次日次	勤怠データ	head_office_employee_working_records	working_data	勤怠データ	head_office_employee_working_records	従業員勤務実績テーブル	working_data	勤怠データ	日別勤怠データ	assigned	所定時間分	API	勤怠日次サマリー	work	労働時間	API	-	-	-	-	-	-	-	-	-	-	-	-	-	-	-	-	-	-	-	-	-	-	-	-	-	-	-	-	-	-	JSON	head_office_employee_working_records.working_data	working_records	-	-	-	-	head_office_employee_working_records.working_data	-	-	-	-
店舗	従業員	従業員別勤務実績	月次日次	費用データ	head_office_employee_working_records	working_cost	日別費用データ	head_office_employee_working_records	従業員勤務実績テーブル	working_cost	日別費用データ	日別費用データ	transportationExpense	交通費	API	-	-	-	-	-	-	-	-	-	-	-	-	-	-	-	-	-	-	-	-	-	-	-	-	-	-	-	-	-	-	-	-	-	-	JSON	head_office_employee_working_records.working_cost	working_records	-	-	-	-	head_office_employee_working_records.working_cost	-	-	-	-
店舗	従業員	店舗別人件費	月次日次	日付	head_office_connected_service_labor_costs_logs	date	日付	head_office_connected_service_labor_costs_logs	KOT/ジョブカン人件費連携ログテーブル	date	日付	日別勤怠データ	date	日時	API	勤怠日次サマリー	date	年月日	API	-	-	-	-	-	-	-	-	-	-	-	-	-	-	-	-	-	-	-	-	-	-	-	-	-	-	-	-	-	-	日付	head_office_connected_service_labor_costs_logs.date	labor_costs_logs	-	-	-	-	head_office_connected_service_labor_costs_logs.date	-	-	-	-
店舗	従業員	店舗別人件費	月次日次	人件費	head_office_connected_service_labor_costs_logs	labor_costs	人件費	head_office_connected_service_labor_costs_logs	KOT/ジョブカン人件費連携ログテーブル	labor_costs	人件費	日別費用データ	laborCostEstimate	人件費概算	API	勤怠日次サマリー	salary	概算給与	API	-	-	-	-	-	-	-	-	-	-	-	-	-	-	-	-	-	-	-	-	-	-	-	-	-	-	-	-	-	-	SUM店舗別	SUM(head_office_connected_service_labor_costs_logs.labor_costs)	labor_costs_logs	-	-	-	予実対比	head_office_connected_service_labor_costs_logs.labor_costs	人件費を予実対比と共有	-	-	-
店舗	従業員	店舗別人件費	月次日次	ヘルプ人件費	head_office_connected_service_labor_costs_logs	help_costs	ヘルプ人件費	head_office_connected_service_labor_costs_logs	KOT/ジョブカン人件費連携ログテーブル	help_costs	ヘルプ人件費	日別費用データ	laborCostEstimate	人件費概算	API	勤怠日次サマリー	salary	概算給与	API	-	-	-	-	-	-	-	-	-	-	-	-	-	-	-	-	-	-	-	-	-	-	-	-	-	-	-	-	-	-	SUM店舗別	SUM(head_office_connected_service_labor_costs_logs.help_costs)	labor_costs_logs	-	-	-	予実対比	head_office_connected_service_labor_costs_logs.help_costs	ヘルプ人件費を予実対比と共有	-	-	-
店舗	従業員	店舗別人件費	月次日次	ヘルプ人件費マイナス	head_office_connected_service_labor_costs_logs	help_costs_minus	ヘルプ人件費マイナス	head_office_connected_service_labor_costs_logs	KOT/ジョブカン人件費連携ログテーブル	help_costs_minus	ヘルプ人件費マイナス	日別費用データ	laborCostEstimate	人件費概算	API	-	-	-	-	-	-	-	-	-	-	-	-	-	-	-	-	-	-	-	-	-	-	-	-	-	-	-	-	-	-	-	-	-	-	SUM店舗別	SUM(head_office_connected_service_labor_costs_logs.help_costs_minus)	labor_costs_logs	-	-	-	-	head_office_connected_service_labor_costs_logs.help_costs_minus	-	-	-	-
店舗	設定	棚卸し	月末	棚卸商品	-	-	-	-	-	-	-	-	-	-	-	-	-	-	-	-	-	-	-	-	-	-	-	-	-	-	-	-	-	-	-	-	-	-	-	-	-	-	-	-	-	-	-	-	-	商品マスタ	商品マスタ	棚卸マスタ	-	-	-	-	-	-	-	-	-
店舗	設定	棚卸し	月末	在庫数量	-	-	-	-	-	-	-	-	-	-	-	-	-	-	-	-	-	-	-	-	-	-	-	-	-	-	-	-	-	-	-	-	-	-	-	-	-	-	-	-	-	-	-	-	-	入力値	入力値	棚卸マスタ	-	-	-	-	-	-	-	-	-
店舗	設定	棚卸し	月末	商品単価	-	-	-	-	-	-	-	-	-	-	-	-	-	-	-	-	-	-	-	-	-	-	-	-	-	-	-	-	-	-	-	-	-	-	-	-	-	-	-	-	-	-	-	-	-	マスタ参照	マスタ参照	棚卸マスタ	-	-	-	-	-	-	-	-	-
店舗	設定	棚卸し	月末	小計	-	-	-	-	-	-	-	-	-	-	-	-	-	-	-	-	-	-	-	-	-	-	-	-	-	-	-	-	-	-	-	-	-	-	-	-	-	-	-	-	-	-	-	-	-	数量×単価	数量×単価	棚卸マスタ	-	-	-	-	-	-	-	-	-
店舗	設定	小口現金管理	月次	支払先	-	-	-	-	-	-	-	-	-	-	-	-	-	-	-	-	-	-	-	-	-	-	-	-	-	-	-	-	-	-	-	-	-	-	-	-	-	-	-	-	-	-	-	-	-	入力値	入力値	小口現金マスタ	-	-	-	-	-	-	-	-	-
店舗	設定	小口現金管理	月次	経費項目	-	-	-	-	-	-	-	-	-	-	-	-	-	-	-	-	-	-	-	-	-	-	-	-	-	-	-	-	-	-	-	-	-	-	-	-	-	-	-	-	-	-	-	-	-	入力値	入力値	小口現金マスタ	-	-	-	-	-	-	-	-	-
店舗	設定	小口現金管理	月次	出勤額	-	-	-	-	-	-	-	-	-	-	-	-	-	-	-	-	-	-	-	-	-	-	-	-	-	-	-	-	-	-	-	-	-	-	-	-	-	-	-	-	-	-	-	-	-	入力値	入力値	小口現金マスタ	-	-	-	-	-	-	-	-	-
店舗	設定	小口現金管理	月次	入金額	-	-	-	-	-	-	-	-	-	-	-	-	-	-	-	-	-	-	-	-	-	-	-	-	-	-	-	-	-	-	-	-	-	-	-	-	-	-	-	-	-	-	-	-	-	入力値	入力値	小口現金マスタ	-	-	-	-	-	-	-	-	-
店舗	設定	小口現金管理	月次	残高	-	-	-	-	-	-	-	-	-	-	-	-	-	-	-	-	-	-	-	-	-	-	-	-	-	-	-	-	-	-	-	-	-	-	-	-	-	-	-	-	-	-	-	-	-	前残高+入金-出金	前残高+入金-出金	小口現金マスタ	-	-	-	-	-	-	-	-	-
店舗	設定	店舗間商品移動	月次	相手店舗	-	-	-	-	-	-	-	-	-	-	-	-	-	-	-	-	-	-	-	-	-	-	-	-	-	-	-	-	-	-	-	-	-	-	-	-	-	-	-	-	-	-	-	-	-	店舗マスタ	店舗マスタ	店舗間移動	-	-	-	-	-	-	-	-	-
店舗	設定	店舗間商品移動	月次	仕入金額税抜	-	-	-	-	-	-	-	-	-	-	-	-	-	-	-	-	-	-	-	-	-	-	-	-	-	-	-	-	-	-	-	-	-	-	-	-	-	-	-	-	-	-	-	-	-	入力値	入力値	店舗間移動	-	-	-	平均単価推移	-	仕入金額税抜を平均単価推移と共有	-	-	-
店舗	設定	店舗間商品移動	月次	提供金額税抜	-	-	-	-	-	-	-	-	-	-	-	-	-	-	-	-	-	-	-	-	-	-	-	-	-	-	-	-	-	-	-	-	-	-	-	-	-	-	-	-	-	-	-	-	-	入力値	入力値	店舗間移動	-	-	-	-	-	-	-	-	-
店舗	設定	予算設定	月次	対象年月	monthly_cost_entries	year_month	年月	monthly_cost_entries	ラクミー月次費用入力テーブル	year_month	年月	-	-	-	-	-	-	-	-	-	-	-	-	-	-	-	-	-	-	-	-	-	-	-	-	-	-	-	-	-	-	-	-	-	-	-	-	-	-	年月	monthly_cost_entries.year_month	monthly_cost_entries	-	-	-	-	monthly_cost_entries.year_month	-	-	-	-
店舗	設定	予算設定	月次	予算金額	monthly_budgets	value	予算金額	monthly_budgets	ラクミー月次予算テーブル	value	予算金額	-	-	-	-	-	-	-	-	-	-	-	-	-	-	-	-	-	-	-	-	-	-	-	-	-	-	-	-	-	-	-	-	-	-	-	-	-	-	入力値	monthly_budgets.value	monthly_budgets	-	-	-	-	monthly_budgets.value	monthly_budgets.valueを予算一覧と共有	-	-	-
店舗	設定	予算設定	月次	予算比率	monthly_budgets	ratio	比率	monthly_budgets	ラクミー月次予算テーブル	ratio	比率	-	-	-	-	-	-	-	-	-	-	-	-	-	-	-	-	-	-	-	-	-	-	-	-	-	-	-	-	-	-	-	-	-	-	-	-	-	-	入力値	monthly_budgets.ratio	monthly_budgets	-	-	-	-	monthly_budgets.ratio	monthly_budgets.ratioを予算一覧と共有	-	-	-
店舗	設定	費目マスタ	-	費目名	monthly_cost_items	name	費目名	monthly_cost_items	ラクミー費目マスタ	name	費目名	-	-	-	-	-	-	-	-	-	-	-	-	-	-	-	-	-	-	-	-	-	-	-	-	-	-	-	-	-	-	-	-	-	-	-	-	-	-	入力値	monthly_cost_items.name	monthly_cost_items	-	-	-	-	monthly_cost_items.name	monthly_cost_items.nameを費目別仕入分析,月次費用入力と共有	-	-	-
店舗	設定	費目マスタ	-	変更不可フラグ	monthly_cost_items	immutable	変更不可	monthly_cost_items	ラクミー費目マスタ	immutable	変更不可	-	-	-	-	-	-	-	-	-	-	-	-	-	-	-	-	-	-	-	-	-	-	-	-	-	-	-	-	-	-	-	-	-	-	-	-	-	-	フラグ	monthly_cost_items.immutable	monthly_cost_items	-	-	-	-	monthly_cost_items.immutable	-	-	-	-
店舗	設定	月次費用入力	月次	費目	monthly_cost_items	name	費目名	monthly_cost_items	ラクミー費目マスタ	name	費目名	-	-	-	-	-	-	-	-	-	-	-	-	-	-	-	-	-	-	-	-	-	-	-	-	-	-	-	-	-	-	-	-	-	-	-	-	-	-	費目マスタ参照	monthly_cost_items.name	monthly_cost_items	-	-	-	費目別仕入分析	monthly_cost_items.name	費目を費目別仕入分析と共有	-	-	-
店舗	設定	月次費用入力	月次	金額	monthly_costs	value	費用金額	monthly_costs	ラクミー月次費用テーブル	value	費用金額	-	-	-	-	-	-	-	-	-	-	-	-	-	-	-	-	-	-	-	-	-	-	-	-	-	-	-	-	-	-	-	-	-	-	-	-	-	-	入力値	monthly_costs.value	monthly_costs	-	-	-	-	monthly_costs.value	monthly_costs.valueを費目別仕入分析,予実対比と共有	-	-	-
店舗	設定	月次費用入力	月次	比率	monthly_costs	ratio	比率	monthly_costs	ラクミー月次費用テーブル	ratio	比率	-	-	-	-	-	-	-	-	-	-	-	-	-	-	-	-	-	-	-	-	-	-	-	-	-	-	-	-	-	-	-	-	-	-	-	-	-	-	自動計算	monthly_costs.ratio	monthly_costs	-	-	-	仕入先分析,商品別仕入分析,費目別仕入分析	monthly_costs.ratio	比率を仕入先分析,商品別仕入分析,費目別仕入分析と共有	-	-	-
店舗	設定	予算一覧	月次年間	月次目標利益	monthly_budgets	value	予算金額	monthly_budgets	ラクミー月次予算テーブル	value	予算金額	-	-	-	-	-	-	-	-	-	-	-	-	-	-	-	-	-	-	-	-	-	-	-	-	-	-	-	-	-	-	-	-	-	-	-	-	-	-	マスタ参照	monthly_budgets.value	monthly_budgets	-	-	-	-	monthly_budgets.value	monthly_budgets.valueを予算設定と共有	-	-	-
店舗	設定	予算一覧	月次年間	目標FD仕入費率	monthly_budgets	ratio	比率	monthly_budgets	ラクミー月次予算テーブル	ratio	比率	-	-	-	-	-	-	-	-	-	-	-	-	-	-	-	-	-	-	-	-	-	-	-	-	-	-	-	-	-	-	-	-	-	-	-	-	-	-	マスタ参照	monthly_budgets.ratio	monthly_budgets	-	-	-	-	monthly_budgets.ratio	monthly_budgets.ratioを予算設定と共有	-	-	-
店舗	設定	予算一覧	月次年間	目標PA人件費率	monthly_budgets	ratio	比率	monthly_budgets	ラクミー月次予算テーブル	ratio	比率	-	-	-	-	-	-	-	-	-	-	-	-	-	-	-	-	-	-	-	-	-	-	-	-	-	-	-	-	-	-	-	-	-	-	-	-	-	-	マスタ参照	monthly_budgets.ratio	monthly_budgets	-	-	-	-	monthly_budgets.ratio	monthly_budgets.ratioを予算設定と共有	-	-	-
店舗	設定	予算一覧	月次年間	目標客単価	monthly_budgets	value	予算金額	monthly_budgets	ラクミー月次予算テーブル	value	予算金額	-	-	-	-	-	-	-	-	-	-	-	-	-	-	-	-	-	-	-	-	-	-	-	-	-	-	-	-	-	-	-	-	-	-	-	-	-	-	マスタ参照	monthly_budgets.value	monthly_budgets	-	-	-	-	monthly_budgets.value	monthly_budgets.valueを予算設定と共有	-	-	-
店舗	集計	店舗別サマリー	月次日次	売上目標	ラクミー集計単位日別テーブル	sales_excluded	売上合計税抜	ZTOTAL	USENレジPOS日別売上集計テーブル	sales_excluded	売上合計税抜																																																-	-	-
店舗	集計	店舗別サマリー	月次日次	売上達成率	ラクミー集計単位日別テーブル	sales_excluded	売上合計税抜	ZTOTAL	USENレジPOS日別売上集計テーブル	sales_excluded	売上合計税抜																																																-	-	-
店舗	集計	店舗ラベル別サマリー	月次日次	売上目標	ラクミー集計単位日別テーブル	sales_excluded	売上合計税抜	ZTOTAL	USENレジPOS日別売上集計テーブル	sales_excluded	売上合計税抜																																																-	-	-
店舗	集計	店舗ラベル別サマリー	月次日次	売上達成率	ラクミー集計単位日別テーブル	sales_excluded	売上合計税抜	ZTOTAL	USENレジPOS日別売上集計テーブル	sales_excluded	売上合計税抜																																																-	-	-
店舗	集計	曜日別売上分析	月次日次	平均客数（税抜）	ラクミー集計単位日別テーブル	customers	レストラン売上客数	ZTOTAL	USENレジPOS日別売上集計テーブル	customers	レストラン売上客数																																																-	-	-
店舗	集計	支払種別売上分析	月次日次	クレジットカード合計売上	ラクミー集計単位日別テーブル	sales_excluded	売上合計税抜	ZTOTAL	USENレジPOS日別売上集計テーブル	sales_excluded	売上合計税抜																																																-	-	-
店舗	集計	支払種別売上分析	月次日次	QR決済合計売上	ラクミー集計単位日別テーブル	sales_excluded	売上合計税抜	ZTOTAL	USENレジPOS日別売上集計テーブル	sales_excluded	売上合計税抜																																																-	-	-
店舗	集計	支払種別売上分析	月次日次	MUGENファミリーカード合計売上	ラクミー集計単位日別テーブル	sales_excluded	売上合計税抜	ZTOTAL	USENレジPOS日別売上集計テーブル	sales_excluded	売上合計税抜																																																-	-	-
店舗	集計	支払種別売上分析	月次日次	売掛合計売上	ラクミー集計単位日別テーブル	sales_excluded	売上合計税抜	ZTOTAL	USENレジPOS日別売上集計テーブル	sales_excluded	売上合計税抜																																																-	-	-
店舗	集計	支払種別売上分析	月次日次	交通系IC合計売上	ラクミー集計単位日別テーブル	sales_excluded	売上合計税抜	ZTOTAL	USENレジPOS日別売上集計テーブル	sales_excluded	売上合計税抜																																																-	-	-
店舗	集計	平均単価推移	月次	平均単価推移	ラクミー集計単位日別テーブル	trend_data	トレンドデータ	ZTOTAL	USENレジPOS日別売上集計テーブル																																									期間集計トレンド計算	直近N期間の推移								-	-	-
店舗	詳細分析	利益進捗分析	月次	利益進捗率比較（前月）	ラクミー集計単位日別テーブル	sales_excluded	収入計III	ZTOTAL	USENレジPOS日別売上集計テーブル	sales_excluded	収入計III									monthly_budgets	value	予算金額	monthly_budgets	ラクミー月次予算テーブル	value	予算金額																								営業利益÷目標利益×100(前月比)	((当月営業利益) - (前月営業利益)) ÷ (前月営業利益) × 100								-	-	営業利益, 目標利益(monthly_budgets)
店舗	詳細分析	利益進捗分析	月次	利益進捗率比較（前々月）	ラクミー集計単位日別テーブル	sales_excluded	収入計III	ZTOTAL	USENレジPOS日別売上集計テーブル	sales_excluded	収入計III									monthly_budgets	value	予算金額	monthly_budgets	ラクミー月次予算テーブル	value	予算金額																								営業利益÷目標利益×100(前々月比)	((当月営業利益) - (前々月営業利益)) ÷ (前々月営業利益) × 100								-	-	営業利益, 目標利益(monthly_budgets)
店舗	詳細分析	利益進捗分析	月次	利益達成率	ラクミー集計単位日別テーブル	sales_excluded	収入計III	ZTOTAL	USENレジPOS日別売上集計テーブル	sales_excluded	収入計III									monthly_budgets	value	予算金額	monthly_budgets	ラクミー月次予算テーブル	value	予算金額																								営業利益÷目標利益×100	(ZTOTAL.sales_excluded - trade_total.total_tax_excluded - labor_costs_logs.labor_costs - monthly_costs.value) ÷ monthly_budgets.profit_target × 100								-	-	営業利益, 目標利益(monthly_budgets)
店舗	集計	売上進捗分析	月次	売上進捗率比較（前月）	ラクミー集計単位日別テーブル	sales_excluded	売上合計税抜	ZTOTAL	USENレジPOS日別売上集計テーブル	sales_excluded	売上合計税抜																																																-	-	-
店舗	集計	売上進捗分析	月次	売上進捗率比較（前々月）	ラクミー集計単位日別テーブル	sales_excluded	売上合計税抜	ZTOTAL	USENレジPOS日別売上集計テーブル	sales_excluded	売上合計税抜																																																-	-	-
店舗	集計	売上進捗分析	月次	売上達成率	ラクミー集計単位日別テーブル	sales_excluded	売上合計税抜	ZTOTAL	USENレジPOS日別売上集計テーブル	sales_excluded	売上合計税抜																																																-	-	-
店舗	集計	感度分析	月次	変動費	ラクミー集計単位日別テーブル	sales_excluded	収入計III	ZTOTAL	USENレジPOS日別売上集計テーブル	sales_excluded	収入計III									ラクミーinfomartテーブル	total_tax_excluded	伝票税抜金額	tax_excluded_total	インフォマート税抜金額テーブル	total_tax_excluded	伝票税抜金額																								売上 - 変動費 = 粗利	sales_excluded - variable_cost = gross_profit								-	月次集計	変動費(tax_excluded_total), 客数(ZTOTAL)
店舗	集計	感度分析	月次	粗利	ラクミー集計単位日別テーブル	sales_excluded	収入計III	ZTOTAL	USENレジPOS日別売上集計テーブル	sales_excluded	収入計III									ラクミーinfomartテーブル	total_tax_excluded	伝票税抜金額	tax_excluded_total	インフォマート税抜金額テーブル	total_tax_excluded	伝票税抜金額																								売上 - 変動費 = 粗利	sales_excluded - variable_cost = gross_profit								-	月次集計	売上税抜, 原価(tax_excluded_total), 客数
店舗	集計	感度分析	月次	固定費	ラクミー集計単位日別テーブル	sales_excluded	収入計III	ZTOTAL	USENレジPOS日別売上集計テーブル	sales_excluded	収入計III									ラクミーinfomartテーブル	total_tax_excluded	伝票税抜金額	tax_excluded_total	インフォマート税抜金額テーブル	total_tax_excluded	伝票税抜金額																								売上 - 変動費 = 粗利	sales_excluded - variable_cost = gross_profit								-	-	-
店舗	食材コスト	FD分析（仕入率/原価率）	月次日次	フード仕入率	ラクミーinfomartテーブル	total_tax_excluded	伝票税抜金額	tax_excluded_total	インフォマート税抜金額テーブル	total_tax_excluded	伝票税抜金額																																																-	-	-
店舗	食材コスト	FD分析（仕入率/原価率）	月次日次	フード原価率	ラクミーinfomartテーブル	total_tax_excluded	伝票税抜金額	tax_excluded_total	インフォマート税抜金額テーブル	total_tax_excluded	伝票税抜金額																																																-	-	-
店舗	食材コスト	FD分析（仕入率/原価率）	月次日次	フード前月在庫高	shop_inventories	inventory_amount	在庫金額	shop_inventories	店舗棚卸テーブル	amount	金額																																																-	-	-
店舗	食材コスト	FD分析（仕入率/原価率）	月次日次	フード当月仕入	ラクミーinfomartテーブル	total_tax_excluded	伝票税抜金額	tax_excluded_total	インフォマート税抜金額テーブル	total_tax_excluded	伝票税抜金額																																																-	-	-
店舗	食材コスト	FD分析（仕入率/原価率）	月次日次	フード当月在庫高	shop_inventories	inventory_amount	在庫金額	shop_inventories	店舗棚卸テーブル	amount	金額																																																-	-	-
店舗	食材コスト	FD分析（仕入率/原価率）	月次日次	ドリンク仕入率	ラクミーinfomartテーブル	total_tax_excluded	伝票税抜金額	tax_excluded_total	インフォマート税抜金額テーブル	total_tax_excluded	伝票税抜金額																																																-	-	-
店舗	食材コスト	FD分析（仕入率/原価率）	月次日次	ドリンク原価率	ラクミーinfomartテーブル	total_tax_excluded	伝票税抜金額	tax_excluded_total	インフォマート税抜金額テーブル	total_tax_excluded	伝票税抜金額																																																-	-	-
店舗	食材コスト	FD分析（仕入率/原価率）	月次日次	ドリンク前月在庫高	shop_inventories	inventory_amount	在庫金額	shop_inventories	店舗棚卸テーブル	amount	金額																																																-	-	-
店舗	食材コスト	FD分析（仕入率/原価率）	月次日次	ドリンク当月仕入	ラクミーinfomartテーブル	total_tax_excluded	伝票税抜金額	tax_excluded_total	インフォマート税抜金額テーブル	total_tax_excluded	伝票税抜金額																																																-	-	-
店舗	食材コスト	FD分析（仕入率/原価率）	月次日次	ドリンク当月在庫高	shop_inventories	inventory_amount	在庫金額	shop_inventories	店舗棚卸テーブル	amount	金額																																																-	-	-
店舗	詳細分析	FD仕入率トレンド	直近6ヶ月	FD仕入率トレンド	ラクミーinfomartテーブル	total_tax_excluded	伝票税抜金額	tax_excluded_total	インフォマート税抜金額テーブル	total_tax_excluded	伝票税抜金額									ラクミー集計単位日別テーブル	sales_excluded	収入計III	ZTOTAL	USENレジPOS日別売上集計テーブル	sales_excluded	収入計III																								仕入÷売上×100（直近6ヶ月推移）	(tax_excluded_total.total_tax_excluded) ÷ (ZTOTAL.sales_excluded) × 100								-	-	-
店舗	詳細分析	FD仕入率トレンド	直近6ヶ月	フード仕入比率	ラクミーinfomartテーブル	total_tax_excluded	伝票税抜金額	tax_excluded_total	インフォマート税抜金額テーブル	total_tax_excluded	伝票税抜金額									ラクミー集計単位日別の商品テーブル	sales_excluded	合計金額	TITEM	USENレジPOS商品別売上テーブル	sales_excluded	合計金額																								フード仕入÷フード売上×100	(tax_excluded_total.total_tax_excluded[フード]) ÷ (TITEM.sales_excluded[フード]) × 100								-	-	-
店舗	詳細分析	FD仕入率トレンド	直近6ヶ月	ドリンク仕入比率	ラクミーinfomartテーブル	total_tax_excluded	伝票税抜金額	tax_excluded_total	インフォマート税抜金額テーブル	total_tax_excluded	伝票税抜金額									ラクミー集計単位日別の商品テーブル	sales_excluded	合計金額	TITEM	USENレジPOS商品別売上テーブル	sales_excluded	合計金額																								ドリンク仕入÷ドリンク売上×100	(tax_excluded_total.total_tax_excluded[ドリンク]) ÷ (TITEM.sales_excluded[ドリンク]) × 100								-	-	-
店舗	詳細分析	FD仕入率トレンド	直近12ヶ月	FD仕入率トレンド	ラクミーinfomartテーブル	total_tax_excluded	伝票税抜金額	tax_excluded_total	インフォマート税抜金額テーブル	total_tax_excluded	伝票税抜金額									ラクミー集計単位日別テーブル	sales_excluded	収入計III	ZTOTAL	USENレジPOS日別売上集計テーブル	sales_excluded	収入計III																								仕入÷売上×100（直近12ヶ月推移）	(tax_excluded_total.total_tax_excluded) ÷ (ZTOTAL.sales_excluded) × 100								-	-	-
店舗	詳細分析	FD仕入率トレンド	直近12ヶ月	フード仕入比率	ラクミーinfomartテーブル	total_tax_excluded	伝票税抜金額	tax_excluded_total	インフォマート税抜金額テーブル	total_tax_excluded	伝票税抜金額									ラクミー集計単位日別の商品テーブル	sales_excluded	合計金額	TITEM	USENレジPOS商品別売上テーブル	sales_excluded	合計金額																								フード仕入÷フード売上×100	(tax_excluded_total.total_tax_excluded[フード]) ÷ (TITEM.sales_excluded[フード]) × 100								-	-	-
店舗	詳細分析	FD仕入率トレンド	直近12ヶ月	ドリンク仕入比率	ラクミーinfomartテーブル	total_tax_excluded	伝票税抜金額	tax_excluded_total	インフォマート税抜金額テーブル	total_tax_excluded	伝票税抜金額									ラクミー集計単位日別の商品テーブル	sales_excluded	合計金額	TITEM	USENレジPOS商品別売上テーブル	sales_excluded	合計金額																								ドリンク仕入÷ドリンク売上×100	(tax_excluded_total.total_tax_excluded[ドリンク]) ÷ (TITEM.sales_excluded[ドリンク]) × 100								-	-	-
店舗	運用コスト	流入分析	月次日次	総席数	ラクミー集計単位日別テーブル	customers	レストラン売上客数	ZTOTAL	USENレジPOS日別売上集計テーブル	customers	レストラン売上客数																																																-	-	-
店舗	運用コスト	流入分析	月次日次	総組数	ラクミー集計単位日別テーブル	customers	レストラン売上客数	ZTOTAL	USENレジPOS日別売上集計テーブル	customers	レストラン売上客数																																																-	-	-
店舗	運用コスト	流入分析	月次日次	総卓数	ラクミー集計単位日別テーブル	customers	レストラン売上客数	ZTOTAL	USENレジPOS日別売上集計テーブル	customers	レストラン売上客数																																																-	-	-
店舗	運用コスト	流入分析	月次日次	回転数	ラクミー集計単位日別テーブル	customers	レストラン売上客数	ZTOTAL	USENレジPOS日別売上集計テーブル	customers	レストラン売上客数																																																-	-	-
店舗	運用コスト	流入分析	月次日次	予約売上合計	ラクミー集計単位日別テーブル	sales_excluded	売上合計税抜	ZTOTAL	USENレジPOS日別売上集計テーブル	sales_excluded	売上合計税抜																																																-	-	-
店舗	運用コスト	流入分析	月次日次	ウォークイン売上合計	ラクミー集計単位日別テーブル	sales_excluded	売上合計税抜	ZTOTAL	USENレジPOS日別売上集計テーブル	sales_excluded	売上合計税抜																																																-	-	-
店舗	運用コスト	流入分析	月次日次	予約客数トレンド	ラクミー集計単位日別テーブル	trend_data	トレンドデータ	ZTOTAL	USENレジPOS日別売上集計テーブル																																									期間集計トレンド計算	直近N期間の推移								-	-	-
店舗	運用コスト	流入分析	月次日次	ウォークイン客数トレンド	ラクミー集計単位日別テーブル	trend_data	トレンドデータ	ZTOTAL	USENレジPOS日別売上集計テーブル																																									期間集計トレンド計算	直近N期間の推移								-	-	-
店舗	集計	予実対比	月次日次	その他売上（サービス料等）	ラクミー集計単位日別テーブル	service_charge_1	奉仕料１金額	ZTOTAL	USENレジPOS日別売上集計テーブル	service_charge_1	奉仕料１金額																																																-	-	-
店舗	集計	予実対比	月次日次	その他売上ランチ	ラクミー集計単位日別の商品テーブル	sales_excluded	売上合計税抜	TITEM	USENレジPOS商品別売上テーブル	sales_excluded	売上合計税抜																																							SUM(その他商品かつオーダー時刻11-15時フィルタ)	SUM(TITEM.sales_excluded WHERE item_type=その他 AND order_time 11:00-15:00)								-	-	-
店舗	集計	予実対比	月次日次	その他売上ディナー	ラクミー集計単位日別の商品テーブル	sales_excluded	売上合計税抜	TITEM	USENレジPOS商品別売上テーブル	sales_excluded	売上合計税抜																																							SUM(その他商品かつオーダー時刻17-23時フィルタ)	SUM(TITEM.sales_excluded WHERE item_type=その他 AND order_time 17:00-23:00)								-	-	-
店舗	集計	予実対比	月次日次	割引・値引きなど	ラクミー集計単位日別テーブル	discount	値引き	ZTOTAL	USENレジPOS日別売上集計テーブル	discount	値引き																																																-	-	-
店舗	集計	年間予実対比（サマリー）	月次	客単価(ランチ)	ラクミー集計単位日別テーブル	sales_excluded	収入計III	TTOTAL	USENレジPOS伝票単位売上テーブル	sales_excluded	収入計III									ラクミー集計単位日別テーブル	customers	レストラン売上客数	TTOTAL	USENレジPOS伝票単位売上テーブル	customers	レストラン売上客数																								売上÷客数(会計日時11-15時フィルタ)	SUM(TTOTAL.sales_excluded WHERE settlement_time 11:00-15:00) / SUM(TTOTAL.customers WHERE settlement_time 11:00-15:00)	TTOTAL							-	-	-
店舗	集計	年間予実対比（サマリー）	月次	客単価(ディナー)	ラクミー集計単位日別テーブル	sales_excluded	収入計III	TTOTAL	USENレジPOS伝票単位売上テーブル	sales_excluded	収入計III									ラクミー集計単位日別テーブル	customers	レストラン売上客数	TTOTAL	USENレジPOS伝票単位売上テーブル	customers	レストラン売上客数																								売上÷客数(会計日時17-23時フィルタ)	SUM(TTOTAL.sales_excluded WHERE settlement_time 17:00-23:00) / SUM(TTOTAL.customers WHERE settlement_time 17:00-23:00)	TTOTAL							-	-	-
店舗	集計	年間予実対比（予実対比）	月次	総売上　計	ラクミー集計単位日別テーブル	sales_excluded	売上合計税抜	ZTOTAL	USENレジPOS日別売上集計テーブル	sales_excluded	売上合計税抜																																																-	-	-
店舗	集計	年間予実対比（予実対比）	月次	フード売上 計	ラクミー集計単位日別の商品テーブル	sales_excluded	売上合計税抜	TITEM	USENレジPOS商品別売上テーブル	sales_excluded	売上合計税抜																																																-	-	-
店舗	集計	年間予実対比（予実対比）	月次	ドリンク売上　計	ラクミー集計単位日別の商品テーブル	sales_excluded	売上合計税抜	TITEM	USENレジPOS商品別売上テーブル	sales_excluded	売上合計税抜																																																-	-	-
店舗	集計	年間予実対比（予実対比）	月次	その他売上 計 （サービス料等）	ラクミー集計単位日別テーブル	service_charge_1	奉仕料１金額	ZTOTAL	USENレジPOS日別売上集計テーブル	service_charge_1	奉仕料１金額																																																-	-	-
店舗	集計	年間予実対比（予実対比）	月次	その他売上ランチ	ラクミー集計単位日別の商品テーブル	sales_excluded	売上合計税抜	TITEM	USENレジPOS商品別売上テーブル	sales_excluded	売上合計税抜																																							SUM(その他商品かつオーダー時刻11-15時フィルタ)	SUM(TITEM.sales_excluded WHERE item_type=その他 AND order_time 11:00-15:00)								-	-	-
店舗	集計	年間予実対比（予実対比）	月次	その他売上ディナー	ラクミー集計単位日別の商品テーブル	sales_excluded	売上合計税抜	TITEM	USENレジPOS商品別売上テーブル	sales_excluded	売上合計税抜																																							SUM(その他商品かつオーダー時刻17-23時フィルタ)	SUM(TITEM.sales_excluded WHERE item_type=その他 AND order_time 17:00-23:00)								-	-	-
店舗	集計	年間予実対比（予実対比）	月次	FLコスト　計	ラクミーinfomartテーブル	total_tax_excluded	伝票税抜金額	tax_excluded_total	インフォマート税抜金額テーブル	total_tax_excluded	伝票税抜金額																																																-	-	-
店舗	集計	年間予実対比（予実対比）	月次	FD仕入　計	ラクミーinfomartテーブル	total_tax_excluded	伝票税抜金額	tax_excluded_total	インフォマート税抜金額テーブル	total_tax_excluded	伝票税抜金額																																																-	-	-
店舗	集計	年間予実対比（予実対比）	月次	人件費　計	head_office_connected_service_labor_costs_logs	labor_costs	人件費	head_office_connected_service_labor_costs_logs	KOT/ジョブカン人件費連携ログテーブル	labor_costs	人件費	日別費用データ	daily_cost	日別費用	API	勤怠日次サマリー	attendance_summary	勤怠サマリー	API																																								-	-	-
店舗	集計	年間予実対比（予実対比）	月次	その他経費　計	monthly_costs	value	費用金額	monthly_costs	ラクミー月次費用テーブル	value	費用金額									monthly_cost_items	name	費目名	monthly_cost_items	ラクミー費目マスタ	name	費目名																																	-	-	-
店舗	集計	年間予実対比（予実対比）	月次	ラクミー利用料	monthly_costs	value	費用金額	monthly_costs	ラクミー月次費用テーブル	value	費用金額									monthly_cost_items	name	費目名	monthly_cost_items	ラクミー費目マスタ	name	費目名																																	-	-	-
店舗	集計	年間予実対比（予実対比）	月次	IT費用	monthly_costs	value	費用金額	monthly_costs	ラクミー月次費用テーブル	value	費用金額									monthly_cost_items	name	費目名	monthly_cost_items	ラクミー費目マスタ	name	費目名																																	-	-	-
店舗	集計	年間予実対比（予実対比）	月次	お花代																																																							-	-	-
店舗	集計	年間予実対比（予実対比）	月次	ガス代	monthly_costs	value	費用金額	monthly_costs	ラクミー月次費用テーブル	value	費用金額									monthly_cost_items	name	費目名	monthly_cost_items	ラクミー費目マスタ	name	費目名																																	-	-	-
店舗	集計	年間予実対比（予実対比）	月次	クレジットカード手数料	monthly_costs	value	費用金額	monthly_costs	ラクミー月次費用テーブル	value	費用金額									monthly_cost_items	name	費目名	monthly_cost_items	ラクミー費目マスタ	name	費目名																																	-	-	-
店舗	集計	年間予実対比（予実対比）	月次	レジ利用料	monthly_costs	value	費用金額	monthly_costs	ラクミー月次費用テーブル	value	費用金額									monthly_cost_items	name	費目名	monthly_cost_items	ラクミー費目マスタ	name	費目名																																	-	-	-
店舗	集計	年間予実対比（予実対比）	月次	借入金返済	monthly_costs	value	費用金額	monthly_costs	ラクミー月次費用テーブル	value	費用金額									monthly_cost_items	name	費目名	monthly_cost_items	ラクミー費目マスタ	name	費目名																																	-	-	-
店舗	集計	年間予実対比（予実対比）	月次	家賃(変動分)	monthly_costs	value	費用金額	monthly_costs	ラクミー月次費用テーブル	value	費用金額									monthly_cost_items	name	費目名	monthly_cost_items	ラクミー費目マスタ	name	費目名																																	-	-	-
店舗	集計	年間予実対比（予実対比）	月次	水道代	monthly_costs	value	費用金額	monthly_costs	ラクミー月次費用テーブル	value	費用金額									monthly_cost_items	name	費目名	monthly_cost_items	ラクミー費目マスタ	name	費目名																																	-	-	-
店舗	集計	年間予実対比（予実対比）	月次	社員人件費	head_office_connected_service_labor_costs_logs	labor_costs	人件費	head_office_connected_service_labor_costs_logs	KOT/ジョブカン人件費連携ログテーブル	labor_costs	人件費	日別費用データ	daily_cost	日別費用	API	勤怠日次サマリー	attendance_summary	勤怠サマリー	API																																								-	-	-
店舗	集計	年間予実対比（予実対比）	月次	電気代	monthly_costs	value	費用金額	monthly_costs	ラクミー月次費用テーブル	value	費用金額									monthly_cost_items	name	費目名	monthly_cost_items	ラクミー費目マスタ	name	費目名																																	-	-	-
店舗	集計	月次集計	月次	その他変動費率	ラクミー集計単位日別テーブル	sales_excluded	収入計III	ZTOTAL	USENレジPOS日別売上集計テーブル	sales_excluded	収入計III									ラクミーinfomartテーブル	total_tax_excluded	伝票税抜金額	tax_excluded_total	インフォマート税抜金額テーブル	total_tax_excluded	伝票税抜金額																								売上 - 変動費 = 粗利	sales_excluded - variable_cost = gross_profit								-	-	-
店舗	集計	月次集計	月次	変動費	ラクミー集計単位日別テーブル	sales_excluded	収入計III	ZTOTAL	USENレジPOS日別売上集計テーブル	sales_excluded	収入計III									ラクミーinfomartテーブル	total_tax_excluded	伝票税抜金額	tax_excluded_total	インフォマート税抜金額テーブル	total_tax_excluded	伝票税抜金額																								売上 - 変動費 = 粗利	sales_excluded - variable_cost = gross_profit								-	-	-
店舗	集計	月次集計	月次	粗利	ラクミー集計単位日別テーブル	sales_excluded	収入計III	ZTOTAL	USENレジPOS日別売上集計テーブル	sales_excluded	収入計III									ラクミーinfomartテーブル	total_tax_excluded	伝票税抜金額	tax_excluded_total	インフォマート税抜金額テーブル	total_tax_excluded	伝票税抜金額																								売上 - 変動費 = 粗利	sales_excluded - variable_cost = gross_profit								-	-	-
店舗	集計	月次集計	月次	固定費	ラクミー集計単位日別テーブル	sales_excluded	収入計III	ZTOTAL	USENレジPOS日別売上集計テーブル	sales_excluded	収入計III									ラクミーinfomartテーブル	total_tax_excluded	伝票税抜金額	tax_excluded_total	インフォマート税抜金額テーブル	total_tax_excluded	伝票税抜金額																								売上 - 変動費 = 粗利	sales_excluded - variable_cost = gross_profit								-	-	-
店舗	集計	月次レポート	月次	対象前月在庫	shop_inventories	inventory_amount	在庫金額	shop_inventories	店舗棚卸テーブル	amount	金額																																																-	-	-
店舗	集計	月次レポート	月次	仕入総額	ラクミーinfomartテーブル	total_tax_excluded	伝票税抜金額	tax_excluded_total	インフォマート税抜金額テーブル	total_tax_excluded	伝票税抜金額																																																-	-	-
店舗	集計	月次レポート	月次	対象月在庫	shop_inventories	inventory_amount	在庫金額	shop_inventories	店舗棚卸テーブル	amount	金額																																																-	-	-
店舗	集計	月次レポート	月次	年月	monthly_cost_entries	year_month	年月	monthly_cost_entries	ラクミー月次費用入力テーブル	year_month	年月																																																-	-	-
店舗	集計	小口現金管理	月次	内容	shop_petty_cash	petty_cash_data	小口現金データ	shop_petty_cash	店舗小口現金テーブル	data	データ																																																-	-	-
店舗	集計	小口現金管理	月次	経費コード	monthly_costs	value	費用金額	monthly_costs	ラクミー月次費用テーブル	value	費用金額									monthly_cost_items	name	費目名	monthly_cost_items	ラクミー費目マスタ	name	費目名																																	-	-	-
店舗	集計	小口現金管理	月次	税区分	shop_petty_cash	petty_cash_data	小口現金データ	shop_petty_cash	店舗小口現金テーブル	data	データ																																																-	-	-
店舗	集計	小口現金管理	月次	アクション	shop_petty_cash	petty_cash_data	小口現金データ	shop_petty_cash	店舗小口現金テーブル	data	データ																																																-	-	-
店舗	集計	店舗間商品移動	月次	商品タイプ	shop_item_transfers	product_type	商品タイプ	shop_item_transfers	店舗間商品移動テーブル	type	タイプ																																																-	-	-
店舗	集計	予算設定	月次	FD仕入費率	ラクミーinfomartテーブル	total_tax_excluded	伝票税抜金額	tax_excluded_total	インフォマート税抜金額テーブル	total_tax_excluded	伝票税抜金額																																																-	-	-
店舗	集計	予算設定	月次	変動費用予算	monthly_budgets	value	予算金額	monthly_budgets	ラクミー月次予算テーブル	value	予算金額																																							売上 - 変動費 = 粗利	sales_excluded - variable_cost = gross_profit								-	-	-
店舗	集計	予算設定	月次	ランチ売上比	ラクミー集計単位日別の商品テーブル	sales_excluded	売上合計税抜	TITEM	USENレジPOS商品別売上テーブル	sales_excluded	売上合計税抜																																																-	-	-
店舗	集計	予算設定	月次	フード売上比	ラクミー集計単位日別の商品テーブル	sales_excluded	売上合計税抜	TITEM	USENレジPOS商品別売上テーブル	sales_excluded	売上合計税抜																																																-	-	-
店舗	集計	予算設定	月次	ドリンク売上比	ラクミー集計単位日別の商品テーブル	sales_excluded	売上合計税抜	TITEM	USENレジPOS商品別売上テーブル	sales_excluded	売上合計税抜																																																-	-	-
店舗	集計	予算設定	月次	その他売上比	ラクミー集計単位日別テーブル	service_charge_1	奉仕料１金額	ZTOTAL	USENレジPOS日別売上集計テーブル	service_charge_1	奉仕料１金額																																																-	-	-
店舗	集計	予算設定	月次	変動費	ラクミー集計単位日別テーブル	sales_excluded	収入計III	ZTOTAL	USENレジPOS日別売上集計テーブル	sales_excluded	収入計III									ラクミーinfomartテーブル	total_tax_excluded	伝票税抜金額	tax_excluded_total	インフォマート税抜金額テーブル	total_tax_excluded	伝票税抜金額																								売上 - 変動費 = 粗利	sales_excluded - variable_cost = gross_profit								-	-	-
店舗	集計	予算設定	月次	粗利	ラクミー集計単位日別テーブル	sales_excluded	収入計III	ZTOTAL	USENレジPOS日別売上集計テーブル	sales_excluded	収入計III									ラクミーinfomartテーブル	total_tax_excluded	伝票税抜金額	tax_excluded_total	インフォマート税抜金額テーブル	total_tax_excluded	伝票税抜金額																								売上 - 変動費 = 粗利	sales_excluded - variable_cost = gross_profit								-	-	-
店舗	集計	予算設定	月次	固定費用予算	monthly_budgets	value	予算金額	monthly_budgets	ラクミー月次予算テーブル	value	予算金額																																							売上 - 変動費 = 粗利	sales_excluded - variable_cost = gross_profit								-	-	-
店舗	集計	予算設定	月次	日次目標値（税抜）	monthly_budgets	value	予算金額	monthly_budgets	ラクミー月次予算テーブル	value	予算金額																																																-	-	-
店舗	集計	予算設定	月次	日次目標客数	ラクミー集計単位日別テーブル	customers	レストラン売上客数	ZTOTAL	USENレジPOS日別売上集計テーブル	customers	レストラン売上客数																																																-	-	-
店舗	集計	予算設定	月次	日次目標売上（税抜）	ラクミー集計単位日別テーブル	sales_excluded	売上合計税抜	ZTOTAL	USENレジPOS日別売上集計テーブル	sales_excluded	売上合計税抜																																																-	-	-
店舗	集計	予算一覧（予算設定値）	月次	目標客単価 (ランチ)	ラクミー集計単位日別テーブル	target_avg_per_customer_lunch	目標客単価（ランチ）	monthly_budgets	ラクミー月次予算テーブル	target_avg_per_customer_lunch	目標客単価（ランチ）									ラクミー集計単位日別テーブル	target_avg_per_customer_lunch	目標客単価（ランチ）	monthly_budgets	ラクミー月次予算テーブル	target_avg_per_customer_lunch	目標客単価（ランチ）																																	-	-	-
店舗	集計	予算一覧（予算設定値）	月次	目標客単価 (ディナー)	ラクミー集計単位日別テーブル	target_avg_per_customer_dinner	目標客単価（ディナー）	monthly_budgets	ラクミー月次予算テーブル	target_avg_per_customer_dinner	目標客単価（ディナー）									ラクミー集計単位日別テーブル	target_avg_per_customer_dinner	目標客単価（ディナー）	monthly_budgets	ラクミー月次予算テーブル	target_avg_per_customer_dinner	目標客単価（ディナー）																																	-	-	-
店舗	集計	予算一覧（予算構成）	月次	売上 計	ラクミー集計単位日別テーブル	sales_excluded	売上合計税抜	ZTOTAL	USENレジPOS日別売上集計テーブル	sales_excluded	売上合計税抜																																																-	-	-
店舗	集計	予算一覧（予算構成）	月次	フード売上 計	ラクミー集計単位日別の商品テーブル	sales_excluded	売上合計税抜	TITEM	USENレジPOS商品別売上テーブル	sales_excluded	売上合計税抜																																																-	-	-
店舗	集計	予算一覧（予算構成）	月次	ドリンク売上 計	ラクミー集計単位日別の商品テーブル	sales_excluded	売上合計税抜	TITEM	USENレジPOS商品別売上テーブル	sales_excluded	売上合計税抜																																																-	-	-
店舗	集計	予算一覧（予算構成）	月次	その他売上 計 (サービス料等)	ラクミー集計単位日別テーブル	service_charge_1	奉仕料１金額	ZTOTAL	USENレジPOS日別売上集計テーブル	service_charge_1	奉仕料１金額																																																-	-	-
店舗	集計	予算一覧（予算構成）	月次	FLコスト 計	ラクミーinfomartテーブル	total_tax_excluded	伝票税抜金額	tax_excluded_total	インフォマート税抜金額テーブル	total_tax_excluded	伝票税抜金額																																																-	-	-
店舗	集計	予算一覧（予算構成）	月次	FD仕入 計	ラクミーinfomartテーブル	total_tax_excluded	伝票税抜金額	tax_excluded_total	インフォマート税抜金額テーブル	total_tax_excluded	伝票税抜金額																																																-	-	-
店舗	集計	予算一覧（予算構成）	月次	人件費 計	head_office_connected_service_labor_costs_logs	labor_costs	人件費	head_office_connected_service_labor_costs_logs	KOT/ジョブカン人件費連携ログテーブル	labor_costs	人件費	日別費用データ	daily_cost	日別費用	API	勤怠日次サマリー	attendance_summary	勤怠サマリー	API																																								-	-	-
店舗	集計	予算一覧（予算構成）	月次	その他経費 計	monthly_costs	value	費用金額	monthly_costs	ラクミー月次費用テーブル	value	費用金額									monthly_cost_items	name	費目名	monthly_cost_items	ラクミー費目マスタ	name	費目名																																	-	-	-
店舗	集計	予算一覧（予算構成）	月次	IT費	monthly_costs	value	費用金額	monthly_costs	ラクミー月次費用テーブル	value	費用金額									monthly_cost_items	name	費目名	monthly_cost_items	ラクミー費目マスタ	name	費目名																																	-	-	-
店舗	集計	予算一覧（予算構成）	月次	ガス代	monthly_costs	value	費用金額	monthly_costs	ラクミー月次費用テーブル	value	費用金額									monthly_cost_items	name	費目名	monthly_cost_items	ラクミー費目マスタ	name	費目名																																	-	-	-
店舗	集計	予算一覧（予算構成）	月次	サービス費	monthly_costs	value	費用金額	monthly_costs	ラクミー月次費用テーブル	value	費用金額									monthly_cost_items	name	費目名	monthly_cost_items	ラクミー費目マスタ	name	費目名																																	-	-	-
店舗	集計	予算一覧（予算構成）	月次	保守修繕費	monthly_costs	value	費用金額	monthly_costs	ラクミー月次費用テーブル	value	費用金額									monthly_cost_items	name	費目名	monthly_cost_items	ラクミー費目マスタ	name	費目名																																	-	-	-
店舗	集計	予算一覧（予算構成）	月次	外注費	monthly_costs	value	費用金額	monthly_costs	ラクミー月次費用テーブル	value	費用金額									monthly_cost_items	name	費目名	monthly_cost_items	ラクミー費目マスタ	name	費目名																																	-	-	-
店舗	集計	予算一覧（予算構成）	月次	支払手数料	monthly_costs	value	費用金額	monthly_costs	ラクミー月次費用テーブル	value	費用金額									monthly_cost_items	name	費目名	monthly_cost_items	ラクミー費目マスタ	name	費目名																																	-	-	-
店舗	集計	予算一覧（予算構成）	月次	水道代	monthly_costs	value	費用金額	monthly_costs	ラクミー月次費用テーブル	value	費用金額									monthly_cost_items	name	費目名	monthly_cost_items	ラクミー費目マスタ	name	費目名																																	-	-	-
店舗	集計	予算一覧（予算構成）	月次	消耗品費	monthly_costs	value	費用金額	monthly_costs	ラクミー月次費用テーブル	value	費用金額									monthly_cost_items	name	費目名	monthly_cost_items	ラクミー費目マスタ	name	費目名																																	-	-	-
店舗	集計	予算一覧（予算構成）	月次	衛生費	monthly_costs	value	費用金額	monthly_costs	ラクミー月次費用テーブル	value	費用金額									monthly_cost_items	name	費目名	monthly_cost_items	ラクミー費目マスタ	name	費目名																																	-	-	-
店舗	集計	予算一覧（予算構成）	月次	調査費	monthly_costs	value	費用金額	monthly_costs	ラクミー月次費用テーブル	value	費用金額									monthly_cost_items	name	費目名	monthly_cost_items	ラクミー費目マスタ	name	費目名																																	-	-	-
店舗	集計	予算一覧（予算構成）	月次	諸会費	monthly_costs	value	費用金額	monthly_costs	ラクミー月次費用テーブル	value	費用金額									monthly_cost_items	name	費目名	monthly_cost_items	ラクミー費目マスタ	name	費目名																																	-	-	-
店舗	集計	予算一覧（予算構成）	月次	警備料	monthly_costs	value	費用金額	monthly_costs	ラクミー月次費用テーブル	value	費用金額									monthly_cost_items	name	費目名	monthly_cost_items	ラクミー費目マスタ	name	費目名																																	-	-	-
店舗	集計	予算一覧（予算構成）	月次	販売促進費	monthly_costs	value	費用金額	monthly_costs	ラクミー月次費用テーブル	value	費用金額									monthly_cost_items	name	費目名	monthly_cost_items	ラクミー費目マスタ	name	費目名																																	-	-	-
店舗	集計	予算一覧（予算構成）	月次	販売管理費	monthly_costs	value	費用金額	monthly_costs	ラクミー月次費用テーブル	value	費用金額									monthly_cost_items	name	費目名	monthly_cost_items	ラクミー費目マスタ	name	費目名																																	-	-	-
店舗	集計	予算一覧（予算構成）	月次	通信費	monthly_costs	value	費用金額	monthly_costs	ラクミー月次費用テーブル	value	費用金額									monthly_cost_items	name	費目名	monthly_cost_items	ラクミー費目マスタ	name	費目名																																	-	-	-
店舗	集計	予算一覧（予算構成）	月次	雑費	monthly_costs	value	費用金額	monthly_costs	ラクミー月次費用テーブル	value	費用金額									monthly_cost_items	name	費目名	monthly_cost_items	ラクミー費目マスタ	name	費目名																																	-	-	-
店舗	集計	予算一覧（予算構成）	月次	電気代	monthly_costs	value	費用金額	monthly_costs	ラクミー月次費用テーブル	value	費用金額									monthly_cost_items	name	費目名	monthly_cost_items	ラクミー費目マスタ	name	費目名																																	-	-	-
店舗	集計	予算一覧（予算構成）	月次	ｸﾚｼﾞｯﾄ手数料	monthly_costs	value	費用金額	monthly_costs	ラクミー月次費用テーブル	value	費用金額									monthly_cost_items	name	費目名	monthly_cost_items	ラクミー費目マスタ	name	費目名																																	-	-	-
店舗	集計	予実対比（一覧		その他売上（サービス料等）	ラクミー集計単位日別テーブル	service_charge_1	奉仕料１金額	ZTOTAL	USENレジPOS日別売上集計テーブル	service_charge_1	奉仕料１金額																																																-	-	-
店舗	集計	予実対比（一覧		その他売上ランチ	ラクミー集計単位日別の商品テーブル	sales_excluded	売上合計税抜	TITEM	USENレジPOS商品別売上テーブル	sales_excluded	売上合計税抜																																							SUM(その他商品かつオーダー時刻11-15時フィルタ)	SUM(TITEM.sales_excluded WHERE item_type=その他 AND order_time 11:00-15:00)								-	-	-
店舗	集計	予実対比（一覧		その他売上ディナー	ラクミー集計単位日別の商品テーブル	sales_excluded	売上合計税抜	TITEM	USENレジPOS商品別売上テーブル	sales_excluded	売上合計税抜																																							SUM(その他商品かつオーダー時刻17-23時フィルタ)	SUM(TITEM.sales_excluded WHERE item_type=その他 AND order_time 17:00-23:00)								-	-	-
店舗	集計	予実対比（一覧		割引･値引等	ラクミー集計単位日別テーブル	discount	値引き	ZTOTAL	USENレジPOS日別売上集計テーブル	discount	値引き																																																-	-	-
